time,x,y,z,yaw,pitch,roll,r,s
0.0,0.0,0.0,0.3,0.0,0.0,0.0,0.03,0.02
0.01,2.0084410951447158e-07,1.3466445430764533e-07,0.29999999960883894,-1.0731963329099353e-06,0.001790702987514691,-0.001202214452896583,0.030045515383370244,0.020030342820481353
0.02,3.171419454388033e-06,2.130358130715952e-06,0.29999999271410766,-1.5525829664653888e-05,0.006796622993694129,-0.004578704387928822,0.030180005595058304,0.020119987647211145
0.03,1.55690883168409e-05,1.0481792278861291e-05,0.29999993060991975,-6.947840647937329e-05,0.014328354375281332,-0.009703338768981214,0.03039771498495607,0.020265040850415268
0.04,4.74580177424557e-05,3.20409574414711e-05,0.29999964653388383,-0.00019303728092004728,0.02377925678021328,-0.01621086797086229,0.03069000137831669,0.02045959812225133
0.05,0.00011149090535126223,7.552093506544515e-05,0.2999987661335527,-0.0004132656055661006,0.034620201826255775,-0.023782176228600467,0.03104608368682208,0.020696193024748285
0.06,0.0002221935959220476,0.00015105972672856425,0.29999662410856015,-0.0007500932606309704,0.0463938500586559,-0.032133654047257314,0.03145368622681418,0.020966184676021217
0.07,0.000395344878594472,0.00026982995051656885,0.29999219949024053,-0.0012142251445161803,0.058708758509492226,-0.04100972713880169,0.03189958606416929,0.021260097583330674
0.08,0.0006474438366961609,0.00044368523192868327,0.29998407600819366,-0.0018064417064344333,0.07123346548676691,-0.05017782321185342,0.03237007075668207,0.02156792253207098
0.09,0.0009952573071134916,0.0006848378606015551,0.2999704297065713,-0.0025178870653111674,0.08369062067796326,-0.05942521349585897,0.03285131446182802,0.02187938439993038
0.1,0.0014554401603086666,0.0010055649665037035,0.29994904299367814,-0.0033310580182461646,0.0958511970651422,-0.06855726869548871,0.03332968068094069,0.022184180576058487
0.11,0.0020442212106657038,0.0014179422546883695,0.29991734234174644,-0.004221275037313739,0.10752881732915787,-0.07739674199760906,0.03379196002482629,0.022472192162028937
0.12,0.002777147642501279,0.0019336053833113674,0.2998724556790825,-0.005158456304857194,0.11857423784777364,-0.08578374912208647,0.0342255513639791,0.022733669180000315
0.13,0.003668880942606608,0.0025635395278070473,0.2998112849559794,-0.00610904238705345,0.12887004841991737,-0.09357616580012645,0.03461859458576437,0.022959390496912296
0.14,0.0047330375138250665,0.003317897692613904,0.2997305892646492,-0.007037940928018786,0.13832565879296374,-0.10065021095070022,0.0349600629187285,0.023140798986152403
0.15,0.005982067436183546,0.004205848050248021,0.2996270741146441,-0.007910382132830882,0.14687264973889486,-0.10690103072583532,0.03523982239329731,0.02327011249327159
0.16,0.007427165250570087,0.0052354501316023575,0.2994974828883527,-0.008693598201289484,0.15446056479292766,-0.1122431440688134,0.035448665486417834,0.02334041136346881
0.17,0.00907820715309866,0.006413559167258663,0.29933868702577293,-0.009358262855402465,0.16105320863843037,-0.11661065299194144,0.03557832535328785,0.023345703551781585
0.18,0.010943709580498028,0.007745757369742315,0.29914777203699805,-0.009879649403804067,0.16662550071118748,-0.11995715870707752,0.03562147630135234,0.023280968613403816
0.19,0.01303080480590017,0.00923631050810747,0.2989221169629589,-0.01023848603582641,0.17116091005200051,-0.12225535667185794,0.0355717253383488,0.023142182118988046
0.2,0.015345229818085643,0.010888147791849163,0.29865946537230004,-0.010421504243069755,0.17464947234754757,-0.12349630890214118,0.03542359876082221,0.022926322232120495
0.21,0.017891325398139344,0.012702862862742529,0.2983579863875327,-0.010421690014023051,0.1770863650602971,-0.12368841070117924,0.035172526877073354,0.022631360311790364
0.22,0.02067204291544201,0.014680733586248372,0.2980163245842738,-0.010238257882342307,0.17847099383206202,-0.12285608208849645,0.03481482911179005,0.02225623746152193
0.23,0.02368895692754661,0.01682075832275245,0.2976336379192426,-0.009876375561863559,0.1788065247005153,-0.12103822289118871,0.034347700946998364,0.021800828946770275
0.24,0.026942282179898122,0.019120706420931992,0.2972096231337591,-0.009346672452464327,0.17809978323119963,-0.11828647598492231,0.03376920343798377,0.02126589835547043
0.25,0.030430894060171805,0.02157718078673726,0.2967445283650906,-0.008664569364085422,0.17636143397167572,-0.114663346650662,0.033078255419764745,0.02065304329683928
0.26,0.03415235196902659,0.024185690518979765,0.29623915298753234,-0.00784946977757508,0.17360635167037672,-0.11024022819186817,0.032274627999920515,0.01996463433315227
0.27,0.03810292542525194,0.026940731747268527,0.29569483500077914,-0.0069238549614983064,0.1698540990132493,-0.10509538515997224,0.03135894052222825,0.019203748728178798
0.28,0.04227762302838456,0.0298358749462115,0.2951134265802338,-0.005912326171941916,0.16512943341515388,-0.0993119457181691,0.030332656883427154,0.018374100480961424
0.29,0.0466702246538971,0.032863857123374106,0.2944972586924177,-0.004840636712040618,0.15946277662077524,-0.09297595355146691,0.029198080889707375,0.017479967998187716
0.3,0.051273317451521236,0.036016677384993596,0.29384909594559927,-0.0037347545406113043,0.15289059434815175,-0.08617452695146999,0.02795834924453301,0.01652612064343594
0.31,0.056078336352012814,0.039285694475107893,0.2931720830776364,-0.002619992228346234,0.14545564774208036,-0.07899416800752836,0.026617420757080446,0.01551774528622751
0.32,0.0610756098580758,0.042661724966151594,0.2924696846680001,-0.001520235400789685,0.13720709285601448,-0.07151925817502677,0.02518006044083932,0.014460373856444305
0.33,0.06625441189937045,0.04613514085956204,0.29174561979043967,-0.0004572936521212243,0.1282004177645882,-0.06383076808976071,0.023651817323050116,0.01335981278871558
0.34,0.07160302047043646,0.0496959654410575,0.2910037933923189,0.0005496102509299813,0.11849721846205852,-0.05600519983488228,0.02203899499457255,0.012222075116082047
0.35000000000000003,0.07710878364821061,0.05333396633327957,0.29024822619608165,0.0014842055995369493,0.10816482392761768,-0.04811376961149115,0.020348614182478537,0.011053315843052823
0.36,0.08275819341029893,0.05703874480239788,0.2894829848711328,0.0023333943781579515,0.09727578741662121,-0.04022182866568091,0.018588366909646423,0.009859771096877523
0.37,0.0885369674570024,0.06079982050612116,0.2887121141270403,0.0030873356010502253,0.08590726520464603,-0.0323885111029355,0.01676656210245212,0.00864770142545746
0.38,0.09443013899227987,0.0646067110164283,0.28793957223956385,0.0037394075657237835,0.07414030591768854,-0.024666589466189624,0.014892062805473633,0.007423339484653132
0.39,0.1004221541555818,0.06844900560672235,0.2871691713485392,0.004286066455480828,0.062059073623575406,-0.017102513064550077,0.012974215448274144,0.006192842240982834
0.4,0.10649697653217557,0.07231643295367594,0.28640452366993735,0.004726622142249952,0.049750026512070444,-0.009736600194817684,0.011022771872767678,0.00496224771180046
0.41000000000000003,0.11263819791771407,0.07619892256154369,0.2856489945516338,0.005062952754198184,0.0373010707423622,-0.0026033535688531556,0.009047805061359892,0.0037374361771962804
0.42,0.11882915428520362,0.08008665986403127,0.2849056630807223,0.0052991788159394496,0.024800706334158134,0.004268131751950933,0.007059619699167748,0.0025240957281305633
0.43,0.12505304570877798,0.08397013508977284,0.2841772907257072,0.005441315869966499,0.012337179192622349,0.010853697123231126,0.0050686588536098505,0.0013276919643246323
0.44,0.13129305884578982,0.08784018608754314,0.2834662982747812,0.005496921811604424,-2.3492386017794076e-06,0.017133612375327928,0.003085408159187069,0.00015344162236599363
0.45,0.13753249047105415,0.09168803539397119,0.28277475111610517,0.005474752073535472,-0.012132605434540436,0.02309205439104256,0.0011202989540314203,-0.000993710102835024
0.46,0.14375487049645344,0.09550532188922854,0.28210435270151946,0.005384432594788424,-0.02397097288128367,0.028716591683278118,-0.0008163881707476672,-0.0021091087848764184
0.47000000000000003,0.14994408289509317,0.09928412742627138,0.28145644584509116,0.005236157455277657,-0.03543822066250357,0.03399769061552114,-0.0027146179748083446,-0.0031884067786809955
0.48,0.15608448297938132,0.10301699883948802,0.2808320213357789,0.005040415331830253,-0.046459186327175314,0.03892825521702992,-0.004564691955476932,-0.004227576248295212
0.49,0.16216100955282386,0.10669696574269867,0.2802317331925129,0.00480774664710139,-0.056963408429940604,0.04350320916393745,-0.0063573352443101055,-0.005222919428826557
0.5,0.16815929056081294,0.11031755451837391,0.27965591976307097,0.004548531489643626,-0.0668857045138726,0.047719125528651034,-0.008083777862927726,-0.006171076333560286
0.51,0.174065741000254,0.11387279888350807,0.27910462976777595,0.004272807083171049,-0.0761666905566127,0.05157390739080425,-0.009735829331516578,-0.007069030112725383
0.52,0.17986765200507698,0.11735724739606128,0.27857765231711795,0.003990112741027723,-0.08475323811406003,0.05506652035936544,-0.011305945781766344,-0.007914110269980762
0.53,0.1855532701979054,0.1207659682417001,0.27807454989000674,0.003709359799591835,-0.09259886564320996,0.05819677645236208,-0.012787288892875753,-0.008703993945918751
0.54,0.19111186658094592,0.12409455161522835,0.2775946932466605,0.003438723910490153,-0.09966406081903634,0.06096516757249487,-0.014173776138868714,-0.009436705483179772
0.55,0.1965337944254277,0.12733910998523634,0.277137297266333,0.0031855572104476392,-0.10591653110986679,0.06337274594604474,-0.015460122002451946,-0.010110614492867513
0.56,0.20181053580316063,0.1304962765040216,0.2767014567433891,0.0029563182057169277,-0.11133138045198213,0.06542104829590176,-0.01664186997032492,-0.010724432644223847
0.5700000000000001,0.20693473658124278,0.13356320179717854,0.27628618124296894,0.002756517637724255,-0.11589121056070396,0.06711206013399112,-0.017715415273307323,-0.011277209396384392
0.58,0.211900229867731,0.13653754933763834,0.275890428206203,0.002590679078479791,-0.11958614621250091,0.06844821632407501,-0.01867801846887946,-0.011768326880316033
0.59,0.2167020480492185,0.13941748957662753,0.2755131336006334,0.0024623134881049807,-0.12241378470244697,0.06943243392932615,-0.01952781008172897,-0.012197494119276137
0.6,0.22133642369870388,0.14220169296853058,0.2751532395298306,0.002373907411050465,-0.12437907059118951,0.07006817327472324,-0.020263786618668903,-0.012564740746783274
0.61,0.22580077975275148,0.14488932198793292,0.27480971834270007,0.0023269248588971853,-0.12549409777259032,0.07035952308598684,-0.020885798357819632,-0.012870410342609353
0.62,0.23009370946044144,0.14748002219562978,0.2744815929132993,0.002321823200069533,-0.1257778417875693,0.07031130548810853,-0.021394529379088714,-0.013115153461130276
0.63,0.23421494669340712,0.14997391236707355,0.27416795289206347,0.0023580835310375342,-0.12525582615705352,0.06992919654120633,-0.021791470355319215,-0.013299920374795254
0.64,0.23816532727737258,0.15237157365302187,0.2738679668555072,0.002434256026689264,-0.12395972728989071,0.06921985785291672,-0.02207888466311321,-0.01342595350142963
0.65,0.24194674206246128,0.1546740376998399,0.2735808904005924,0.0025480206529775455,-0.12192692323002094,0.06819107463744425,-0.022259768401676462,-0.013494779430898494
0.66,0.24556208249383796,0.15688277361804387,0.2733060703394063,0.0026962633729767918,-0.11919999213775138,0.0668518954026643,-0.022337804929540496,-0.01350820041776993
0.67,0.2490151794777371,0.15899967365439738,0.27304294524750344,0.0028751675958498943,-0.11582616695454886,0.06521276825644198,-0.02231731454500643,-0.013468285165313294
0.68,0.2523107363623185,0.16102703739728771,0.2727910427036323,0.003080320122669362,-0.11185675318443945,0.06328566865561111,-0.02220319994857087,-0.013377358695339694
0.6900000000000001,0.25545425686955114,0.16296755432913188,0.2725499736284221,0.003306830257675572,-0.10734651714365487,0.061084213304288364,-0.022000888135876456,-0.01323799108033547
0.7000000000000001,0.2584519688246196,0.1648242845347865,0.2723194241841516,0.003549460110726637,-0.10235305238752047,0.058623754873566664,-0.021716269378706143,-0.013052984810615391
0.71,0.26131074453393166,0.16660063738252462,0.27209914573647465,0.0038027634561456675,-0.09693613231953944,0.055921452294191064,-0.02135563395938836,-0.012825360580567295
0.72,0.2640380186620261,0.1683003480147228,0.27188894340173464,0.004061229880439654,-0.09115705721617018,0.05299631159835801,-0.020925607330250045,-0.012558341304357467
0.73,0.2666417044514712,0.16992745151900054,0.2716886637103428,0.0043194303953263576,-0.08507800404922014,0.049869192683433455,-0.020433084373451017,-0.012255334211767154
0.74,0.26913010911779733,0.17148625469653864,0.27149818190797453,0.004572160262161881,-0.07876138753690423,0.046562777960052724,-0.019885163436247164,-0.011919910927421817
0.75,0.27151184923298255,0.17298130540138357,0.271317389392742,0.004814574514543874,-0.07226924078009381,0.04310149964171585,-0.0192890808108111,-0.011555785499184602
0.76,0.27379576688523527,0.17441735949078385,0.2711461817490418,0.005042311615162935,-0.06566262361502945,0.03951142343309899,-0.01865214631448923,-0.011166790411023307
0.77,0.27599084736907936,0.17579934549948825,0.2709844477888687,0.00525160086676734,-0.05900106641130886,0.03582008756667143,-0.017981680604250046,-0.010756850688977663
0.78,0.2781061391174912,0.17713232722748315,0.27083205995080967,0.005439349626151348,-0.052342056442374434,0.03205629749353915,-0.017284954826881197,-0.010329956282523525
0.79,0.2801506765368453,0.17842146450754556,0.2706888663378571,0.005603207037610508,-0.04574057314177629,0.028249878010978308,-0.01656913316353051,-0.00989013297422895
0.8,0.2821334063458919,0.17967197249278302,0.2705546846000867,0.0057416018830586295,-0.039248677531392835,0.02443138614769026,-0.015841218773391955,-0.009441412134886515
0.81,0.2840631179525976,0.18088907987161207,0.27042929778985786,0.005853753196914157,-0.032915159882101946,0.020631789658354344,-0.015108003577335811,-0.008987799696401622
0.8200000000000001,0.2859483783286126,0.18207798647523776,0.2703124522383652,0.005939653456618245,-0.02678524827449095,0.016882117423749208,-0.01437602224939079,-0.008533244758232467
0.8300000000000001,0.2877974717620377,0.18324382078792403,0.2702038574259345,0.006000025364865142,-0.020900379215031836,0.013213089331338874,-0.013651510704160484,-0.008081608273340118
0.84,0.2896183447870632,0.18439159790108586,0.2701031877471104,0.006036254412405659,-0.015298029894109166,0.009654734247382345,-0.012940369283976077,-0.007636632275331545
0.85,0.29141855650622744,0.18552617846711336,0.27001008600772275,0.006050300476502308,-0.010011610119172572,0.006236005419181664,-0.012248130763696108,-0.007201910109398426
0.86,0.2932052344398587,0.18665222920727628,0.2699241684367417,0.006044592602796887,-0.005070410496821091,0.002984403015042142,-0.0115799332065805,-0.0067808581161114875
0.87,0.2949850359600443,0.18777418551028421,0.2698450309523317,0.006021911783388726,-0.0004996021480235084,-7.438650929394953e-05,-0.010940497624579057,-0.006376689190117121
0.88,0.2967641152953063,0.18889621662507877,0.2697722563900456,0.005985266944463955,0.0036797178110319784,-0.0029168249410785364,-0.010334110323443954,-0.005992388596852904
0.89,0.2985480960288131,0.19002219390485528,0.26970542238194983,0.0059377694758665275,0.007450441550052378,-0.00552182224778036,-0.009764609749654266,-0.005630692381542943
0.9,0.3003420489587184,0.19115566250132313,0.2696441095684963,0.005882511475984627,0.010799333529186281,-0.00787099455058787,-0.009235377604031945,-0.005294068648244083
0.91,0.3021504751448896,0.19229981684134384,0.26958790982953873,0.005822452470670059,0.013716888283694818,-0.009948874155611229,-0.008749333947291304,-0.004984701925035259
0.92,0.3039772939321325,0.19345748014505607,0.2695364342360108,0.005760318732949378,0.01619716981258742,-0.011743067253971574,-0.008308935996066845,-0.004704480767032358
0.93,0.30582583571579514,0.19463108816815072,0.26948932044812623,0.0056985185309825865,0.01823763886635582,-0.013244356607184746,-0.00791618029399257,-0.004454988684113244
0.9400000000000001,0.30769883920064284,0.19582267727372585,0.26944623931799366,0.0056390757217759215,0.019838973654927244,-0.014446748270908492,-0.007572607940316028,-0.004237498417174749
0.9500000000000001,0.3095984528970769,0.19703387686351617,0.269406900492623,0.005583583146102512,0.02100488854165937,-0.015347463098371282,-0.007279312566942048,-0.004052969527239956
0.96,0.31152624059876116,0.19826590612632436,0.26937105685574747,0.005533176321914821,0.021741954224333598,-0.015946875333712467,-0.007036950771918416,-0.0039020492072649664
0.97,0.31348319059101676,0.19951957499487055,0.2693385076920403,0.005488527029120772,0.022059421803046403,-0.016248401996513635,-0.006845754741125326,-0.003785076178164113
0.98,0.31546972834833487,0.20079528914232203,0.2693091005035803,0.0054498555691877525,0.02196905206701316,-0.01625834792791688,-0.006705546818103394,-0.0037020874891175335
0.99,0.3174857324904818,0.2020930587973776,0.2692827314543418,0.005416959799802159,0.021484950358131482,-0.01598571228698928,-0.006615755812344552,-0.0036528280080371624
1.0,0.31953055377844425,0.20341251111251157,0.26925934446270916,0.005389258508355168,0.020623406536877248,-0.01544196293920637,-0.006575434866893889,-0.003636762361232445
1.01,0.3216030369425948,0.20475290578406596,0.2692389290033457,0.0053658463087165546,0.019402738919395,-0.014640785566319559,-0.006583280734912767,-0.00365308906166368
1.02,0.3237015451448566,0.2061131535952797,0.26922151671715006,0.005345557024634907,0.01784314059195971,-0.013597814459245502,-0.006637654340382894,-0.0037007565523214936
1.03,0.32582398688348746,0.2074918375338079,0.26920717696064406,0.00532703245316692,0.015966526244195915,-0.012330351853199332,-0.006736602519191673,-0.0037784808846952566
1.04,0.32796784515281885,0.20888723612339005,0.2691960114532584,0.005308793469268866,0.013796377586478491,-0.01085708235451712,-0.00687788085261658,-0.0038847647513567465
1.05,0.330130208670591,0.21029734860452234,0.26918814820211595,0.005289310619624657,0.011357585510238837,-0.00919778852394545,-0.007058977515289241,-0.0040179175956927445
1.06,0.332307804982389,0.21171992160063974,0.26918373489872843,0.005267071638125738,0.008676287385246936,-0.007373073057120791,-0.007277138064001271,-0.004176076530051706
1.07,0.3344970352463212,0.21315247691371778,0.2691829319903919,0.0052406436734887,0.00577969823345453,-0.005404092276251967,-0.007529391092475664,-0.00435722780530996
1.08,0.3366940104919138,0.2145923401056308,0.2691859056310465,0.005208728427145423,0.0026959349409572822,-0.003312304854032084,-0.007812574671011596,-0.004559228589423464
1.09,0.3388945891358148,0.21603666953829997,0.26919282071219297,0.005170208833354953,-0.0005461668649945888,-0.0011192388661976182,-0.008123363479482958,-0.004779828829265513
1.1,0.3410944155240395,0.21748248556587998,0.2692038341645413,0.005124186351831359,-0.0039172431686529605,0.0011537205552783086,-0.008458296528460146,-0.005016692988365003
1.11,0.3432889592569476,0.21892669959522493,0.26921908870597094,0.00507000836703232,-0.00738759857781316,0.00348552149258307,-0.008813805347259899,-0.005267421472517628
1.12,0.3454735550397769,0.22036614275591931,0.2692387071917992,0.005007285581800762,-0.010927408994710636,0.005855612704646039,-0.009186242500579644,-0.005529571575167572
1.1300000000000001,0.3476434427892039,0.22179759394756776,0.2692627877000828,0.004935899644075006,-0.014506928565851496,0.008244088224229966,-0.009571910278098065,-0.00580067779453281
1.1400000000000001,0.34979380771585744,0.22321780705915503,0.2692913994585946,0.004856001545380615,-0.01809669921322318,0.01063180962114438,-0.00996708938501861,-0.0060782713943122865
1.1500000000000001,0.35191982009469,0.22462353718251057,0.26932457969213464,0.0047680015739209975,-0.021667760799597355,0.013000506959137362,-0.010368067446893442,-0.006359899099159824
1.16,0.35401667443021134,0.22601156566869024,0.2693623314398807,0.004672551791773515,-0.025191859800834965,0.015332859872341936,-0.01077116712995763,-0.006643140834676695
1.17,0.35607962772228346,0.22737872390193442,0.269404622363468,0.004570522136361925,-0.028641654246948697,0.017612560487708574,-0.011172773669241822,-0.006925626439244066
1.18,0.35810403654078204,0.22872191569035766,0.26945138453826245,0.0044629713247619366,-0.031990912647388584,0.01982436012603904,-0.011569361591368609,-0.007205051291407182
1.19,0.36008539262412714,0.23003813819531999,0.26950251519364693,0.004351113771003185,-0.035214704629092514,0.02195410183228425,-0.011957520417459845,-0.00747919081158781
1.2,0.3620193567274883,0.23132450134225202,0.2695578783437646,0.0042362837179883445,-0.03828958108175965,0.02398874082403486,-0.012333979134116003,-0.007745913810522946
1.21,0.3639017904612704,0.2325782456743515,0.26961730722863564,0.004119897744134867,-0.04119374171657975,0.025916354915387102,-0.012695629226950915,-0.008003194668916911
1.22,0.36572878587903657,0.2337967586269103,0.26968060746734807,0.004003416737560173,-0.0439071880952863,0.027726146882143594,-0.013039546081520557,-0.00824912434328907
1.23,0.36749669259598233,0.2349775892140092,0.2697475608104524,0.0038883083443800094,-0.04641186036918892,0.029408440594350934,-0.013363008570404306,-0.008481920201866503
1.24,0.36920214224400766,0.23611846113093946,0.26981792936797094,0.003776010798552929,-0.048691756176558396,0.030954672563976864,-0.013663516662322845,-0.008699934701605497
1.25,0.37084207009684694,0.23721728428504033,0.2698914601826502,0.003667898933827052,-0.050733030375746765,0.03235738034899779,-0.01393880690908291,-0.0089016629230547
1.26,0.3724137337280848,0.23827216477480714,0.2699678900152064,0.0035652530678319076,-0.0525240745356952,0.03361018902939815,-0.014186865688355659,-0.009085748983856994
1.27,0.3739147285956567,0.23928141334228906,0.2700469502091982,0.003469231337255603,-0.054055575360563386,0.03470779673373812,-0.014405940104329782,-0.009250991354323803
1.28,0.37534300047806785,0.24024355232718014,0.27012837150757424,0.0033808459534145512,-0.05532055148717942,0.03564595995421686,-0.014594546473635882,-0.009396347099838819
1.29,0.3766968547195347,0.2411573211528547,0.2702118887005683,0.003300943740558316,-0.05631436835937522,0.03642147914980105,-0.014751476350130127,-0.009520935075029645
1.3,0.37797496227307464,0.2420216803751893,0.2702972449950731,0.003230191215468766,-0.057034731148918466,0.03703218490640354,-0.014875800068691642,-0.009624038093892366
1.31,0.3791763625617857,0.24283581432464632,0.27038419600847696,0.003169064366338617,-0.05748165595583428,0.03747692470494211,-0.014966867814701369,-0.009705104098603399
1.32,0.3803004632087781,0.24359913237108163,0.2704725133047267,0.003117843191303093,-0.057657419778786086,0.03775555014641476,-0.015024308251939662,-0.009763746347868035
1.33,0.3813470367150886,0.24431126883939752,0.27056198740659754,0.0030766109620350307,-0.05756648999633989,0.03786890430141487,-0.015048024766915238,-0.009799742643614948
1.34,0.38231621419213435,0.2449720816028079,0.2706524302352915,0.0030452580853018614,-0.05721543433992202,0.037818808692878535,-0.015038189411807849,-0.009813033612936147
1.35,0.38320847628059146,0.24558164937941915,0.2707436769460656,0.003023490345401605,-0.056612812566658725,0.03760804928805339,-0.014995234650996427,-0.009803720060672273
1.36,0.3840246414108196,0.24614026775733672,0.2708355871461091,0.0030108412234157965,-0.055769051252588096,0.03724036077112862,-0.014919843037311378,-0.009772059407215965
1.37,0.3847658515809182,0.2466484439738388,0.27092804549789606,0.00300668790617419,-0.0546963033214281,0.03672040829376389,-0.014812934963480281,-0.009718461226182919
1.3800000000000001,0.3854335558470749,0.24710689047552545,0.27102096172729595,0.0030102705201340684,-0.05340829409856354,0.0360537658586236,-0.014675654651540799,-0.009643481897770893
1.3900000000000001,0.386029491736935,0.24751651728892096,0.2711142700704535,0.003020714054896842,-0.051920155831504805,0.03524689048223853,-0.014509354558104438,-0.009547818396028177
1.4000000000000001,0.38655566481020853,0.24787842323489057,0.2712079282065015,0.0030370523800359183,-0.05024825274406678,0.03430709130880861,-0.014315578386120034,-0.009432301231961017
1.41,0.3870143266015741,0.24819388602547865,0.2713019157342716,0.0030582537097366665,-0.048409998789239246,0.033242492905993855,-0.014096042904075713,-0.009297886579433695
1.42,0.38740795118909216,0.24846435128837427,0.2713962322600914,0.003083246834947533,-0.046423670332615845,0.03206199206659664,-0.013852618781282132,-0.00914564761709568
1.43,0.3877392106367825,0.24869142057207722,0.27149089517034747,0.003110947424658597,-0.044308216032006666,0.030775207564700383,-0.013587310652911496,-0.00897676512697954
1.44,0.38801094956274407,0.24887683839382999,0.2715859371666627,0.003140283698547707,-0.04208306617756223,0.029392422468691778,-0.013302236630767933,-0.008792517398758878
1.45,0.3882261590842183,0.2490224784022883,0.27168140364327353,0.0031702207939847196,-0.039767943719024895,0.027924518793007114,-0.012999607475311412,-0.008594269497688298
1.46,0.3883879503883658,0.24913032873745933,0.2717773499855431,0.0031997831919286794,-0.03738267913197005,0.026382904470706986,-0.012681705641265445,-0.008383461963672092
1.47,0.38849952817231087,0.2492024766813294,0.27187383886564315,0.0032280746283600698,-0.03494703116337186,0.024779432844400828,-0.012350864403269985,-0.008161599018395358
1.48,0.3885641641883229,0.2492410927034813,0.2719709376064645,0.0032542949993406567,-0.032480515349833636,0.0231263150970328,-0.012009447259606863,-0.00793023636665266
1.49,0.3885851711199895,0.24924841401649256,0.27206871567802005,0.003277753866353508,-0.030002242021806517,0.0214360262693288,-0.011659827801190504,-0.007690968686572634
1.5,0.3885658770030802,0.24922672776562924,0.2721672423822852,0.0032978802810471187,-0.0275307652977133,0.019721205729566916,-0.011304370219999372,-0.007445416911022385
1.51,0.38850960039072263,0.24917835398593147,0.2722665847729107,0.003314228770848894,-0.02508394433788986,0.01799455316590166,-0.010945410616193082,-0.007195215408770042
1.52,0.38841962644677713,0.24910562846687817,0.2723668058459056,0.0033264814544299703,-0.022678817875512472,0.01626872135407215,-0.010585239246632086,-0.006941999178715441
1.53,0.38829918413418407,0.24901088567010765,0.2724679630265953,0.003334446383592881,-0.02033149277693982,0.014556207106837908,-0.01022608383974596,-0.006687391173447874
1.54,0.38815142464689284,0.2488964418489006,0.27257010696729034,0.003338052330588521,-0.01805704711454611,0.012869241929704057,-0.009870094083065911,-0.006432989869397753
1.55,0.3879794012150878,0.2487645785191065,0.27267328065950586,0.0033373403520967305,-0.015869447968866624,0.011219683985445742,-0.0095193273706471,-0.006180357199824566
1.56,0.38778605039414143,0.24861752642978951,0.272777518854589,0.0033324525585412884,-0.013781483921404651,0.009618913004147718,-0.009175735878459875,-0.005931006963804931
1.57,0.3875741749283832,0.24845745017803872,0.2728828477775271,0.003323618596202498,-0.011804711962047767,0.008077729764165391,-0.008841155017017883,-0.0056863938192989035
1.58,0.3873464282616877,0.24828643360615638,0.2729892851107707,0.0033111404068319607,-0.009949418322241856,0.006606261712614751,-0.008517293292402762,-0.005447902961392088
1.59,0.3871053007483517,0.2481064661109141,0.2730968402183028,0.003295375863352129,-0.008224592562312946,0.005213876193541328,-0.008205723589768671,-0.005216840578105622
1.6,0.3868531076000019,0.24791942998391914,0.2732055145750446,0.003276721890093951,-0.006637914092692114,0.0039091026113400925,-0.007907875877646284,-0.00499442516595542
1.61,0.3865919785875682,0.24772708888959716,0.27331530236308654,0.0032555976624107216,-0.0051957501968201,0.0026995646813538863,-0.007625031317137622,-0.0047817797759842125
1.62,0.386323849501843,0.2475310775731548,0.27342619119418127,0.00323242844501471,-0.003903164549073234,0.0015919237151704277,-0.007358317747559951,-0.00457992524857025
1.6300000000000001,0.38605045536193916,0.24733289287545626,0.27353816291738786,0.0032076305735723905,-0.0027639351834057467,0.0005918336621912608,-0.007108706509351981,-0.004389774482235199
1.6400000000000001,0.38577332534813086,0.24713388611537696,0.2736511944716327,0.0031815980132788705,-0.0017805808652480047,-0.00029609161065656216,-0.0068770105561262816,-0.004212127768234444
1.6500000000000001,0.3854937794241311,0.24693525688324072,0.27376525874510993,0.0031546908451622452,-0.0009543948468851005,-0.0010682985646839533,-0.006663883800602915,-0.004047669209211762
1.6600000000000001,0.38521292660380524,0.24673804827176013,0.2738803254067261,0.0031272259398928692,-0.0002854850403211746,-0.0017223017677730876,-0.00646982163369935,-0.0038969642269162832
1.67,0.38493166480857915,0.2465431435538243,0.2739963616790055,0.003099469984105084,0.00022718028401482598,-0.00225667944653847,-0.006295162552141127,-0.003760458151166867
1.68,0.38465068225428367,0.2463512642998366,0.2741133330268093,0.003071634929744269,0.0005857220754183072,-0.002671057271892045,-0.006140090827418843,-0.0036384758701304993
1.69,0.3843704602997659,0.24616296991138512,0.27423120374166865,0.0030438758464597453,0.0007932960631399876,-0.0029660810345132557,-0.0060046401475448725,-0.003531222510744966
1.7,0.3840912776841658,0.245978658533087,0.27434993740727537,0.0030162910738211015,0.0008540349037943913,-0.0031433790378355233,-0.00588869816263758,-0.0034387851079120168
1.71,0.383813216075165,0.2457985692906945,0.27446949723750563,0.00298892449680124,0.0007729874236104022,-0.0032055151782436693,-0.005792011865656352,-0.0033611352120276436
1.72,0.3835361668466303,0.2456227857911604,0.2745898462840758,0.0029617697065523352,0.00055605537309217,-0.0031559337932417393,-0.005714193740408844,-0.003298132376575804
1.73,0.3832598390007684,0.24545124080945782,0.27471094751637026,0.0029347757603362568,0.00020992803264002004,-0.002998897437589837,-0.005654728610048362,-0.003249528460930631
1.74,0.3829837681470695,0.24528372207761961,0.27483276378098004,0.0029078542202338816,-0.00025798505750902176,-0.00273941879511175,-0.005612981120493515,-0.003214972678197639
1.75,0.38270732644784683,0.2451198790837529,0.2749552576529171,0.0028808871300061278,-0.0008396230192974407,-0.0023831879513086848,-0.005588203794382073,-0.0031940173138561676
1.76,0.38242973343800624,0.244959230782699,0.2750783911942188,0.002853735582720429,-0.0015263440204526272,-0.0019364962411758003,-0.005579545592197036,-0.0031861240380987154
1.77,0.38215006762475096,0.2448011741155247,0.2752021256386487,0.0028262485375283885,-0.0023089969465872606,-0.0014061578504761198,-0.005586060917991096,-0.0031906707330335952
1.78,0.3818672787712106,0.244644993232091,0.27532642102338784,0.0027982715609463672,-0.003177994190894575,-0.000799430290455409,-0.005606719007636868,-0.003206958755245599
1.79,0.3815802007664791,0.24448986930946875,0.27545123578996544,0.0027696551945346685,-0.004123385379318728,-0.00012393478919860514,-0.005640413637729609,-0.003234220554503836
1.8,0.38128756498326094,0.2443348908588601,0.27557652637721197,0.0027402626851938724,-0.005134931826614813,0.000612422448662571,-0.005685973093182702,-0.003271627570567469
1.81,0.3809880140232956,0.24417906441481713,0.27570224682874733,0.0027099768545079486,-0.006202181487507322,0.0014015272645316532,-0.005742170331227845,-0.0033182983319652655
1.82,0.3806801157499928,0.2440213255028034,0.27582834843650084,0.002678705927763635,-0.007314544129895931,0.002235132110803716,-0.005807733279027738,-0.003373306683208626
1.83,0.38036237750733376,0.24386054978437635,0.275954779440062,0.002646388189628454,-0.008461366416464099,0.0031049275312420325,-0.0058813552015131,-0.0034356900700359128
1.84,0.38003326042412117,0.2436955642833452,0.27608148479936867,0.0026129953802641152,-0.0096320065397493,0.004002610043004821,-0.005961705075463594,-0.0035044578158772307
1.85,0.37969119370317006,0.24352515860103302,0.276208406055448,0.002578534791347878,-0.010815908016170455,0.004919946017011026,-0.006047437905365979,-0.0035785993266766497
1.86,0.37933458879607557,0.24334809603410937,0.27633548129074936,0.0025430500647374587,-0.012002672208843226,0.005848831258521778,-0.00613720491630566,-0.0036570921654223596
1.87,0.3789618533658285,0.24316312451422512,0.2764626451971512,0.0025066207362381986,-0.013182129119086249,0.00678134608761399,-0.0062296635591794405,-0.0037389099421304287
1.8800000000000001,0.3785714049418271,0.24296898729474808,0.2765898292561127,0.0024693606022439412,-0.014344405963812775,0.007709805807963361,-0.006323487263949291,-0.003823029969528249
1.8900000000000001,0.37816168417478174,0.24276443331615222,0.2767169620317822,0.002431415017290472,-0.01547999304162543,0.008626806530809066,-0.006417374877569382,-0.003908440639221078
1.9000000000000001,0.3777311676026578,0.24254822718794666,0.27684396957428387,0.002392957255372657,-0.016579806385136356,0.0095252663883446,-0.006510059724677297,-0.003994148477639402
1.9100000000000001,0.3772783798431562,0.2423191587313529,0.27697077592698494,0.002354184087031787,-0.017635246701226195,0.010398462226676548,-0.006600318231194623,-0.004079184845504902
1.92,0.37680190513328354,0.24207605203316562,0.277097303728389,0.0023153107377015115,-0.01863825411472183,0.011240061912893213,-0.006686978053663688,-0.004162612248876019
1.93,0.3763003981422952,0.24181777396730209,0.27722347489649385,0.0022765654007517373,-0.019581358254122834,0.01204415242399623,-0.006768925660469747,-0.004243530234006603
1.94,0.37577259399066704,0.24154324214639997,0.27734921138105867,0.0022381834813645293,-0.020457723250104864,0.012805263908062685,-0.006845113315056926,-0.004321080842247382
1.95,0.3752173174147159,0.24125143227142595,0.277474435967302,0.0022004017451930026,-0.02126118725793655,0.013518389920853377,-0.006914565415819856,-0.004394453605022932
1.96,0.3746334910239821,0.24094138485258096,0.27759907311313525,0.002163452539150694,-0.02198629616286109,0.014179004045184495,-0.006976384152503379,-0.004462890062516865
1.97,0.37402014260643734,0.2406122112798151,0.2777230498011503,0.0021275582411668477,-0.02262833118198203,0.014783073096898833,-0.007029754444617392,-0.00452568779309312
1.98,0.37337641144490713,0.24026309922599637,0.27784629638622865,0.0020929260818689788,-0.023183330136225443,0.015327067111470605,-0.0070739481335077735,-0.004582203943676046
1.99,0.3727015536167061,0.23989331737021402,0.2779687474198161,0.002059743464482186,-0.023648102230431428,0.01580796629047462,-0.0071083274062415805,-0.004631858254316657
2.0,0.3719949462572898,0.23950221943285818,0.2780903424325887,0.0020281738903336205,-0.02402023624741813,0.016223265068684465,-0.007132347436281158,-0.0046741355730026656
2.0100000000000002,0.3712560907776253,0.2390892475180205,0.27821102665838465,0.0019983535767834947,-0.024298102131802328,0.01657097344175895,-0.007145558232946954,-0.00470858785944465
2.02,0.3704846150338807,0.23865393476243557,0.27833075168384863,0.00197038883272166,-0.024480846010291244,0.01684961567260915,-0.007147605698808202,-0.004734835679112379
2.0300000000000002,0.36968027445683427,0.23819590729365755,0.2784494760101694,0.0019443542345044477,-0.024568378765933874,0.01705822647281524,-0.007138231901297554,-0.004752569191227421
2.04,0.36884295215700963,0.23771488550347444,0.2785671655155282,0.0019202916228728032,-0.02456135835331718,0.017196344734992302,-0.007117274571923715,-0.0047615486367649775
2.05,0.3679726580298672,0.2372106846457358,0.27868379380933944,0.0018982099194793647,-0.024461166108833882,0.017264004873780516,-0.00708466585336017,-0.004761604334802414
2.06,0.36706952689333505,0.23668321477083837,0.27879934247198696,0.001878085740623161,-0.024269877373906016,0.017261725818017635,-0.007040430321326935,-0.00475263619779536
2.07,0.3661338156974663,0.2361324800121063,0.2789138011764614,0.0018598647660818708,-0.02399022680845604,0.01719049768535251,-0.0069846823144693124,-0.004734612778582182
2.08,0.36516589985299136,0.23555857724224222,0.2790271676910136,0.0018434638029469683,-0.023625568826082723,0.017051766163630702,-0.006917622611292842,-0.004707569864127437
2.09,0.36416626873192826,0.23496169412092904,0.27913944776458244,0.0018287734684735739,-0.02317983363051359,0.016847414621211854,-0.00683953449856423,-0.004671608633222799
2.1,0.3631355203991625,0.23434210655754176,0.2792506548992699,0.001815661402478578,-0.02265747937425786,0.01657974397117449,-0.0067507792803699835,-0.00462689339757208
2.11,0.3620743556389664,0.23370017561578788,0.2793608100164536,0.0018039759090317604,-0.022063440994367804,0.01625145032216209,-0.006651791281182991,-0.004573648947891366
2.12,0.36098357134475334,0.23303634388993055,0.27946994102520273,0.0017935499193017063,-0.02140307630634796,0.01586560046128354,-0.006543072399777921,-0.00451215752884532
2.13,0.3598640533439285,0.23235113138504848,0.2795780823034469,0.0017842051625922288,-0.020682109955174704,0.015425605231689515,-0.006425186273625281,-0.004442755468799664
2.14,0.358716768732484,0.23164513093653186,0.27968527410380417,0.001775756430913761,-0.019906575831889848,0.01493519088873012,-0.006298752115458765,-0.004365829492474684
2.15,0.35754275779598216,0.23091900320667932,0.2797915618970868,0.0017680158238765728,-0.01908275856524624,0.01439836854333467,-0.006164438285040157,-0.004281812746607565
2.16,0.35634312559478043,0.2301734712988124,0.27989699566724835,0.0017607968651841479,-0.01821713469050174,0.0138194018286874,-0.00602295565974089,-0.004191180570639789
2.17,0.35511903329177813,0.22940931503172546,0.28000162917191823,0.0017539183893758236,-0.017316314081931,0.013202772955538034,-0.005875050867431629,-0.004094446046204404
2.18,0.3538716893006358,0.22862736491949806,0.2801055191826938,0.0017472081074643197,-0.01638698221236071,0.012553147351634852,-0.005721499444343728,-0.003992155360759161
2.19,0.3526023403313559,0.2278284959036689,0.2802087247190426,0.0017405057724034587,-0.015435843772596231,0.011875337110796202,-0.005563098979073117,-0.003884883022057551
2.2,0.3513122624083593,0.22701362088646085,0.2803113062890379,0.001733665879501043,-0.014469568146703166,0.011174263506017443,-0.005400662301781303,-0.003773226961233841
2.21,0.3500027519337865,0.2261836841151105,0.2804133251492365,0.0017265598524994993,-0.013494737196573528,0.010454918847727842,-0.005235010774962375,-0.0036578035630660615
2.22,0.3486751168657558,0.2253396544683526,0.2805148425948588,0.0017190776825767918,-0.01251779576199104,0.009722327991894354,-0.005066967738948937,-0.003539242662442133
2.23,0.34733066807776963,0.22448251869669916,0.28061591929008023,0.0017111290044401573,-0.011545005231548949,0.008981509822223356,-0.004897352161690309,-0.003418182546163792
2.24,0.3459707109614508,0.22361327466830602,0.28071661464675,0.0017026436104563207,-0.010582400486361656,0.00823743904545305,-0.004726972538324086,-0.003295264998961722
2.25,0.34459653733036855,0.22273292467190894,0.280816986258259,0.001693571419857892,-0.00963575046367217,0.007495008648012035,-0.004556621081751592,-0.0031711304319514844
2.2600000000000002,0.34320941767795693,0.2218424688275204,0.28091708939363674,0.001683881934993293,-0.008710522532311948,0.0067589933656566435,-0.004387068240894588,-0.003046413130729341
2.27,0.34181059383750206,0.2209428986542995,0.28101697655531627,0.0016735632299048522,-0.0078118508176026865,0.006034014514782336,-0.004219057578630273,-0.0029217366588937446
2.2800000000000002,0.340401272086951,0.22003519084324166,0.2811166971024081,0.0016626205278523231,-0.006944508560718318,0.005324506524811513,-0.004053301036647722,-0.0027977094509940405
2.29,0.3389826167359422,0.21912030128009316,0.2812162969398115,0.0016510744334535742,-0.006112884547669619,0.004634685495462378,-0.003890474609711495,-0.002674920626772456
2.3000000000000003,0.33755574422704354,0.21819915936119882,0.2813158182721002,0.0016389588916874568,-0.005320963596730732,0.003968520081059245,-0.003731214447122313,-0.0025539360561057218
2.31,0.33612171777776395,0.2172726626418689,0.2814152994198793,0.001626318949988389,-0.004572311050950179,0.003329704976789325,-0.0035761133945894654,-0.0024352947013021394
2.32,0.33468154258454763,0.21634167185334122,0.2815147746952372,0.0016132084010470483,-0.003870061184873927,0.0027216372495396713,-0.0034257179853267416,-0.0023195052604076
2.33,0.3332361616047016,0.2154070063205636,0.28161427433204145,0.001599687382799044,-0.0032169094020838016,0.002147395719392306,-0.0032805258849971162,-0.0022070431319635595
2.34,0.33178645192710865,0.2144694398088791,0.2817138244661386,0.0015858200086017807,-0.0026151080727814446,0.0016097235578569284,-0.0031409837911966347,-0.0020983477182880644
2.35,0.330333221737665,0.21352969682332246,0.2818134471600401,0.0015716720950124338,-0.0020664658384241634,0.0011110142263989753,-0.003007485784512025,-0.0019938200808664987
2.36,0.3288772078806946,0.21258844937968785,0.28191316046638604,0.0015573090471924826,-0.0015723501931904262,0.0006533008347429023,-0.002880372124827959,-0.0018938209578914914
2.37,0.3274190740131515,0.21164631426186914,0.28201297852437934,0.0015427939531285739,-0.0011336931395312018,0.00023824895377711522,-0.002759928483509145,-0.0017986691504306318
2.38,0.3259594093442502,0.21070385077526824,0.2821129116834553,0.0015281859279579534,-0.0007509997068471402,-0.0001328471263787071,-0.0026463855993424917,-0.001708640280174086
2.39,0.32449872794926937,0.20976155900137408,0.28221296664867535,0.0015135387391152929,-0.00042435911793052344,-0.00045906474554434834,-0.0025399193436917607,-0.0016239659182671195
2.4,0.32303746864267374,0.2088198785539974,0.2823131466426924,0.001498899732170295,-0.00015345838667265812,-0.0007398499231006969,-0.002440651178181946,-0.001544833081406748
2.41,0.3215759953923844,0.2078791878331581,0.28241345157960024,0.0014843090664788576,6.240186792528542e-05,-0.0009750112391885434,-0.0023486489863789486,-0.0014713840882149929
2.42,0.32011459825400795,0.20693980376831828,0.28251387824652646,0.001469799259471995,0.00022428960278280627,-0.0011647107129860623,-0.0022639282593442307,-0.0014037167659266259
2.43,0.31865349480110206,0.20600198203857753,0.282614420489436,0.0014553950288629647,0.00033362173303942477,-0.001309451873887613,-0.00218645361360384,-0.0013418849946748843
2.44,0.3171928320251026,0.20506591775364344,0.2827150694002476,0.0014411134135225178,0.0003921429157745973,-0.001410065247287404,-0.002116140618954973,-0.0012858995741473007
2.45,0.3157326886763607,0.20413174657589067,0.28281581350301116,0.0014269641464593585,0.0004019029287518695,-0.00146769149785839,-0.0020528579126192045,-0.001235729395133056
2.46,0.31427307801582505,0.20319954626065612,0.28291663893752556,0.001412950247395435,0.0003652328311865618,-0.001483762489585352,-0.001996429575518376,-0.0011913028965054955
2.47,0.31281395094525183,0.20226933858910687,0.28301752963937005,0.0013990687979340112,0.0002847200872121132,-0.0014599805333606786,-0.001946637745876949,-0.0011525097864860205
2.48,0.31135519948241425,0.2013410916655765,0.28311846751586917,0.0013853118593174908,0.00016318282692798984,-0.0013982960997947706,-0.0019032254449254712,-0.0011192030056211301
2.49,0.30989666054662085,0.20041472254920206,0.28321943261798666,0.0013716674912447146,3.6434148176870686e-06,-0.0013008842772443052,-0.0018658995891782165,-0.0010912009077713404
2.5,0.30843812001891474,0.1994901001880115,0.2833204033085468,0.001358120830100299,-0.00019069850898842015,-0.0011701202532216652,-0.0018343341635713164,-0.0010682896345535304
2.5100000000000002,0.3069793170406206,0.1985670486223064,0.28342135642749666,0.0013446551861374795,-0.0004164933526581544,-0.0010085540916896607,-0.0018081735296660614,-0.0010502256580881067
2.52,0.3055199485134191,0.19764535042324805,0.2835222674551509,0.0013312531215136773,-0.0006702691026674343,-0.0008188850696939278,-0.0017870358431386164,-0.0010367384665674873
2.5300000000000002,0.30405967376386045,0.19672475033197545,0.2836231106744981,0.001317897474441685,-0.0009484589029332723,-0.0006039358248061796,-0.001770516554888077,-0.0010275333670686894
2.54,0.3025981193351721,0.19580495906434345,0.2837238593336969,0.0013045722989080846,-0.001247428527893394,-0.00036662655043235974,-0.0017581919702979838,-0.0010222943801642815
2.5500000000000003,0.30113488386937176,0.1948856572464493,0.2838244858098573,0.0012912636942327943,-0.0015635035958850357,-0.00010994945967576227,-0.0017496228414826361,-0.00102068720122529
2.56,0.29966954304305843,0.193966499446493,0.28392496177508997,0.0012779605040045543,-0.001892996370688964,0.00016305627937481345,-0.0017443579677410732,-0.0010223622038385471
2.57,0.298201654520824,0.1930471182691687,0.2840252583656329,0.0012646548694346268,-0.002232232000831943,0.0004493289528672468,-0.0017419377799318587,-0.001026957461460632
2.58,0.29673076289099765,0.1921271284796827,0.2841253463546277,0.0012513426277414939,-0.002577574048408322,0.0007458078902030271,-0.0017418978850750504,-0.0010341017642820356
2.59,0.2952564045494068,0.1912061311256152,0.28422519632884224,0.0012380235516426582,-0.0029254491620031003,0.0010494560876213213,-0.0017437725481883387,-0.0010434176092597265
2.6,0.2937781124980034,0.19028371762615973,0.2843247788693271,0.0012247014312327022,-0.003272370751967435,0.0013572817403886615,-0.0017470980891764508,-0.0010545241423755977
2.61,0.29229542102655987,0.1893594737997595,0.28442406473566534,0.0012113840043365103,-0.003614961530977821,0.0016663585763646788,-0.001751416173519947,-0.001067040033374749
2.62,0.29080787024717963,0.18843298380279033,0.28452302505314325,0.001198082745732034,-0.003949974788633261,0.001973844901651277,-0.0017562769765537296,-0.001080586264514512
2.63,0.2893150104530795,0.1875038339536894,0.28462163150184494,0.0011848125293503892,-0.004274314275905019,0.002277001285966508,-0.0017612422022877505,-0.0010947888161968904
2.64,0.28781640627498256,0.186571616418775,0.2847198565063683,0.001171591180618211,-0.00458505258360614,0.0025732068311593685,-0.001765887939001547,-0.001109281233749171
2.65,0.2863116406104938,0.18563593273792345,0.28481767342458475,0.001158438938467021,-0.004879447908708385,0.0028599739807925505,-0.00176980733523741,-0.0011237070610465633
2.66,0.2848003183040055,0.1846963971702455,0.2849150567336303,0.0011453778481782,-0.005154959113278928,0.0031349618419093638,-0.0017726130813191842,-0.0011377221281247986
2.67,0.28328206955698004,0.18375263984191806,0.28501198221112684,0.0011324311071621057,-0.005409258992977348,0.0033959880019547493,-0.0017739396831277232,-0.0011509966813988554
2.68,0.2817565530508682,0.18280430968036043,0.285108427109499,0.0011196223860071622,-0.00564024568534946,0.0036410388343638394,-0.001773445516560602,-0.0011632173465767723
2.69,0.2802234587674216,0.18185107712098475,0.2852043703211756,0.0011069751467174427,-0.005846052162451753,0.003868278295623801,-0.0017708146528814862,-0.0011740889158264065
2.7,0.2786825104937324,0.18089263657478405,0.2852997925324475,0.0010945119790381646,-0.006025053767484581,0.004076055224742761,-0.0017657584470104006,-0.0011833359522105905
2.71,0.2771334680019574,0.17992870864703764,0.28539467636379917,0.0010822539742124798,-0.006175873770926919,0.004262909163132417,-0.001758016882705133,-0.0011907042058460105
2.72,0.2755761288963401,0.1789590420994022,0.28548900649463455,0.001070220153494614,-0.006297386937955382,0.004427574719053662,-0.0017473596705198727,-0.0011959618376576658
2.73,0.2740103301228072,0.17798341554961133,0.285582769770478,0.0010584269663455653,-0.00638872111548683,0.004568984506122367,-0.0017335870963824645,-0.0011989004479891214
2.74,0.2724359491390675,0.17700163890491744,0.2856759552909425,0.0010468878705447674,-0.006449256863790022,0.0046862706900651484,-0.0017165306205881082,-0.001199335908684617
2.75,0.2708529047457565,0.17601355452727233,0.28576855447701627,0.0010356130035532889,-0.00647862517404655,0.004778765182091401,-0.0016960532289461618,-0.0011971089985786494
2.7600000000000002,0.26926115758172703,0.17501903813005307,0.2858605611165134,0.0010246089514504139,-0.006476703329284416,0.004845998521041229,-0.001672049539718994,-0.0011920858436083542
2.77,0.2676607102890665,0.1740179994078895,0.2859519713868635,0.001013878618722966,-0.006443608981543991,0.004887697490002348,-0.0016444456718388168,-0.0011841581640006087
2.7800000000000002,0.2660516073558028,0.17301038240283842,0.2860427838547631,0.0010034211991988417,-0.006379692532760026,0.004903781516471882,-0.0016131988816618613,-0.0011732433321760076
2.79,0.2644339346465223,0.17199616561177056,0.28613299945257537,0.0009932322455605952,-0.006285527920462224,0.004894357908463795,-0.0015782969772016957,-0.0011592842461525443
2.8000000000000003,0.2628078186332532,0.1709753618413875,0.28622262143173055,0.0009833038322220767,-0.00616190192183457,0.00485971598230273,-0.001539757520358628,-0.0011422490243196293
2.81,0.2611734253409407,0.16994801781876143,0.28631165529374275,0.0009736248039630655,-0.0060098021007739455,0.004800320141252798,-0.0014976268291150298,-0.001122130528484586
2.82,0.2595309590236523,0.16891421356668843,0.28640010869980576,0.0009641811006458996,-0.005830403532217472,0.004716801967635952,-0.0014519787929837787,-0.0010989457230653496
2.83,0.25788066058928066,0.16787406155446075,0.286487991360259,0.0009549561466260438,-0.005625054446056213,0.0046099513947077545,-0.0014029135161673387,-0.0010727348792109936
2.84,0.2562228057919529,0.16682770563589036,0.2865753149055126,0.0009459312921459887,-0.005395260939337111,0.004480707028265718,-0.0013505558038988056,-0.001043560633471946
2.85,0.2545577032126005,0.1657753197875518,0.2866620927402847,0.0009370862930878467,-0.005142670910119644,0.00433014569173397,-0.0012950535082861506,-0.0010115069114102688
2.86,0.2528856920491836,0.16471710666125083,0.28674833988322834,0.0009283998149619002,-0.004869057369270928,0.004159471272246009,-0.001236575750661722,-0.0009766777272330156
2.87,0.2512071397388959,0.16365329596566183,0.286834072794204,0.0009198499469220521,-0.004576301287653497,0.003970002948967081,-0.0011753110379478762,-0.0009391958711442933
2.88,0.24952243943530356,0.1625841426929072,0.2869193091915895,0.0009114147119095226,-0.004266374135611709,0.0037631628884779032,-0.0011114652908857008,-0.0008992014966402563
2.89,0.24783200736378364,0.1615099252065703,0.2870040678621024,0.000903072559707814,-0.003941320269450687,0.003540463495390793,-0.0010452598021386528,-0.0008568506204119916
2.9,0.24613628007884256,0.1604309432082354,0.2870883684656489,0.0008948028307102562,-0.003603239315805639,0.0033034943093895658,-0.0009769291422801884,-0.0008123135478706871
2.91,0.24443571164690234,0.15934751560012955,0.28717223133770187,0.0008865861795135925,-0.0032542686995222776,0.0030539086424747493,-0.0009067190315096814,-0.0007657732375645677
2.92,0.2427307707779605,0.1582599782617984,0.28725567729165785,0.0008784049490077233,-0.0028965664540342006,0.0027934100522552367,-0.000834884194621603,-0.0007174236179153975
2.93,0.24102193792916085,0.15716868175897722,0.287338727423524,0.0008702434873785035,-0.0025322944453712998,0.0025237387485603805,-0.0007616862162881364,-0.00066746786976215
2.94,0.23930970240276836,0.1560739890029178,0.2874214029211524,0.0008620884023197304,-0.002163602132019638,0.00224665803136445,-0.000687391413115728,-0.0006161166881597627
2.95,0.23759455946033436,0.15497627287840032,0.28750372488007114,0.0008539287487029668,-0.0017926109730433742,0.001963940857941225,-0.0006122687382133194,-0.0005635865367416725
2.96,0.23587700747398127,0.15387591385849528,0.2875857141277657,0.000845756147920732,-0.0014213995863458955,0.0016773566362371089,-0.0005365877331769519,-0.0005100979077169556
2.97,0.23415754513474007,0.15277329762384653,0.2876673910580463,0.0008375648390429797,-0.0010519897478660219,0.0013886583396197482,-0.0004606165414656456,-0.00045587360023826613
2.98,0.23243666873675783,0.15166881270382354,0.28774877547690253,0.0008293516637554664,-0.0006863333110511933,0.001099570035397234,-0.00038461999613093707,-0.0004011370294483343
2.99,0.23071486955496665,0.1505628481563424,0.2878298864610021,0.0008211159887335233,-0.0003263001142938217,0.0008117749158016033,-0.00030885779378151844,-0.00034611057799450713
3.0,0.22899263133248962,0.14945579130248632,0.2879107422297412,0.00081285957060423,2.633306767709702e-05,0.0005269039155008273,-0.00023358276552931607,-0.0002910140011977107
3.0100000000000002,0.22727042789266533,0.1483480255312728,0.287991360031506,0.0008045863699298099,0.00036989248403668896,0.00024652499417737505,-0.00015903925448816815,-0.00023606289638024072
3.02,0.2255487208891179,0.14723992818902445,0.2880717560445624,0.0007963023216791882,0.0007028162466504841,-2.7866843659954757e-05,-8.546160819463136e-05,-0.0001814672461028333
3.0300000000000002,0.22382795770579866,0.14613186856681032,0.2881519452927611,0.0007880150704256222,0.0010236620252669884,-0.00029485872661105854,-1.3072793105403698e-05,-0.00012743004424321949
3.04,0.22210856951739338,0.14502420599834698,0.28823194157602666,0.0007797336790074905,0.0013311135874392072,-0.0005531282348820771,5.7916862890349566e-05,-7.414601297422481e-05
3.0500000000000003,0.22039096951893875,0.14391728807959134,0.28831175741540377,0.0007714683196166555,0.001623986181384955,-0.0008014508105839784,0.00012731079521148187,-2.1800417778414946e-05
3.06,0.21867555133193806,0.14281144902003357,0.2883914040122556,0.0007632299562424627,0.001901230769237426,-0.0010387062199672728,0.00019492719103132884,2.9432013322261607e-05
3.0700000000000003,0.2169626875927206,0.14170700813441958,0.2884708912210548,0.0007550300271150744,0.002161937126681255,-0.0012638840369754098,0.0002605998390389354,7.938806112969959e-05
3.08,0.2152527287272636,0.14060426848231242,0.28855022753507914,0.0007468801352817516,0.002405335832780751,-0.0014760881269685908,0.0003241788392414665,0.0001279168730377996
3.09,0.21354600191520082,0.13950351566155084,0.2886294200842176,0.0007387917547417599,0.0026307991808684574,-0.0016745401190283353,0.00038553117260683745,0.00017488070402983783
3.1,0.21184281024428794,0.13840501676029834,0.28870847464401295,0.0007307759586919748,0.0028378410476714543,-0.0018585818647688433,0.00044454113136729043,0.00022015553873976887
3.11,0.210143432055189,0.13730901947100582,0.2887873956550098,0.0007228431754313405,0.0030261157634211594,-0.002027676890924643,0.0005011106117705828,0.00026363159341142667
3.12,0.20844812047510078,0.1362157513682516,0.28886618625144334,0.0007150029763751781,0.003195416030542728,-0.002181410862031627,0.0005551592719718358,0.00030521369756853964
3.13,0.20675710313744625,0.13512541935108555,0.2889448482982903,0.0007072638994775976,0.0033456699426847227,-0.002319491078155142,0.0006066245586030727,0.00034482155615859307
3.14,0.20507058208365392,0.1340382092491998,0.2890233824357105,0.0006996333101888775,0.0034769371593679575,-0.0024417450407396173,0.0006554616063370642,0.00038238989384692005
3.15,0.203388733841898,0.13295428559099007,0.28910178812992704,0.000692117300919799,0.003589404294448567,-0.002548118127167022,0.0007016430154760833,0.00041786848400675314
3.16,0.2017117096766125,0.13187379153036827,0.28918006372963095,0.0006847206288789266,0.003683379578951462,-0.0026386704214377524,0.0007451585132439957,0.00045122206576986317
3.17,0.20003963600161098,0.13079684892804735,0.2892582065270417,0.0006774466911205022,0.0037592868606841825,-0.0027135727544637376,0.0007860145050417981,0.00048243015326520993
3.18,0.19837261494874783,0.12972355858195364,0.28933621282281025,0.0006702975347145203,0.00381765900443456,-0.002773102012741339,0.0008242335224427357,0.0005114867418749443
3.19,0.19671072508324647,0.1286540006004347,0.28941407799401225,0.000663273899146513,0.0038591307575328243,-0.0028176357786183198,0.0008598535751543427,0.0005383999169742174
3.2,0.1950540222560977,0.12758823491103,0.28949179656454355,0.0006563752873874834,0.0038844311461604573,-0.002847646368967371,0.0008929274145622745,0.0005631913711905221
3.21,0.19340254058329776,0.1265263018967616,0.2895693622772939,0.0006496000615540563,0.003894375468050171,-0.0028636943418257348,0.0009235217167959858,0.0005858958367175231
3.22,0.19175629354115084,0.12546822315118558,0.2896467681675407,0.0006429455587100675,0.003889856947174689,-0.002866421542467467,0.0009517161935206241,0.0006065604396461693
3.23,0.19011527516640486,0.12441400234282624,0.28972400663706394,0.0006364082221434627,0.003871838115691895,-0.00285654376146565,0.000977602638864521,0.0006252439836317505
3.24,0.1884794613496219,0.12336362617909322,0.2898010695285406,0.0006299837433820829,0.0038413419878202287,-0.00283484307761138,0.0010012839210389785,0.0006420161704996407
3.25,0.1868488112099048,0.1223170654593601,0.28987794819982915,0.0006236672102802429,0.0037994430894756747,-0.002802159958129338,0.0010228729272983021,0.0006569567656056307
3.2600000000000002,0.18522326853890778,0.12127427620655719,0.2899546335977973,0.0006174532567031053,0.0037472584064202207,-0.002759385187519032,0.0010424914709248377,0.0006701547159104831
3.27,0.18360276330195063,0.12023520086640371,0.2900311163313869,0.0006113362096430238,0.003685938312357134,-0.002707451694615441,0.0010602691689077881,0.0006817072288047073
3.2800000000000002,0.18198721318402966,0.11919976956326923,0.2901073867436388,0.000605310230004415,0.003616657536863419,-0.0026473263451666355,0.0010763422989174109,0.0006917188197311137
3.29,0.18037652516857458,0.11816790140161085,0.2901834349824256,0.0005993694437729174,0.0035406062312745117,-0.0025800017644357592,0.0010908526440595284,0.0007003003366024399
3.3000000000000003,0.17877059713693355,0.11713950580197528,0.2902592510696585,0.000593508060821355,0.0034589811886293273,-0.0025064882511187485,0.0011039463337307674,0.0007075679689026142
3.31,0.17716931947677772,0.11611448386068078,0.2903348249687451,0.000587720479179815,0.0033729772715433304,-0.0024278058402954633,0.0011157726886843746,0.000713642249196668
3.3200000000000003,0.17557257668789847,0.11509272972249643,0.290410146650083,0.0005820013731907986,0.003283779099401798,-0.0023449765692673766,0.0011264830781616622,0.0007186470545598142
3.33,0.17398024897422115,0.1140741319559124,0.29048520615437645,0.0005763457645645732,0.003192553043554517,-0.0022590169960438424,0.0011362297966470856,0.0007227086151748342
3.34,0.17239221381127529,0.11305857492093656,0.2905599936535617,0.0005707490759275309,0.0031004395762484096,-0.0021709310159820907,0.0011451649674677788,0.0007259545370428327
3.35,0.17080834747883836,0.11204594011975638,0.2906344995091275,0.0005652071670022164,0.003008546015860108,-0.0020817030177200132,0.0011534394800833446,0.0007285128454098801
3.36,0.1692285265490052,0.11103610752106341,0.2907087143276098,0.0005597163540584136,0.0029179397075935723,-0.001992291415117148,0.0011612019675013108,0.0007305110551353312
3.37,0.16765262932052147,0.11002895684934533,0.2907826290130408,0.00055427341371918,0.0028296416751991105,-0.0019036225874844537,0.00116859782981061,0.0007320752738209587
3.38,0.16608053719085444,0.1090243688310012,0.29085623481612777,0.0005488755725852799,0.0027446207754640442,-0.0018165852559783406,0.0011757683093526464,0.0007333293430876638
3.39,0.1645121359581509,0.10802222638972366,0.2909295233799395,0.0005435204844498155,0.0026637883832399435,-0.0017320253196942302,0.0011828496225501025,0.0007343940229325685
3.4,0.16294731704594567,0.10702241578421115,0.2910024867818809,0.0005382061971081687,0.002587993630628786,-0.0016507411707494609,0.0011899721528910018,0.000735386223627786
3.41,0.1613859786442302,0.10602482768191832,0.29107511757174376,0.0005329311109251762,0.0025180192196761716,-0.0015734795035190533,0.0011972597090232299,0.0007364182891369991
3.42,0.1598280267612603,0.10502935816321773,0.291147408805633,0.0005276939314025731,0.002454577823542702,-0.00150093162920021,0.0012048288513565235,0.0007375973355309547
3.43,0.15827337618127416,0.1040359096510263,0.29121935407558436,0.0005224936179980023,0.0023983090866766983,-0.0014337303030473925,0.0012127882899987848,0.0007390246473816984
3.44,0.15672195132409592,0.1030443917616389,0.2912909475347089,0.00051732933138701,0.0023497772300268742,-0.001372447067950273,0.0012212383562755713,0.0007407951346113254
3.45,0.15517368700341194,0.10205472207320626,0.2913621839177262,0.0005122003812377341,0.0023094692628486723,-0.0013175901145291759,0.0012302705494999255,0.0007429968517675
3.46,0.15362852908132232,0.1010668268089882,0.2914330585567777,0.0005071061763920627,0.0022777937982103617,-0.0012696026546012366,0.0012399671600786082,0.0007457105811981623
3.47,0.1520864350175796,0.10008064143320311,0.29150356739244476,0.000502046179125533,0.0022550804649329754,-0.0012288618017274786,0.0012504009694645653,0.0007490094811046662
3.48,0.15054737431272724,0.0990961111579759,0.2915737069799353,0.0004970198649005248,0.0022415799044401986,-0.001195677949586632,0.0012616350268983422,0.0007529587989689074
3.49,0.14901132884513546,0.09811319136055502,0.2916434744904412,0.0004920266887431786,0.002237464336888227,-0.0011702946361348207,0.0012737225023273563,0.000757615650378459
3.5,0.14747829310269495,0.09713184791062165,0.2917128677077139,0.00048706605907383683,0.0022428286770280314,-0.0011528888788995394,0.001286706614355515,0.0007630288628168349
3.5100000000000002,0.14594827431066715,0.09615205740814663,0.2917818850199477,0.00048213731951347275,0.002257692176558198,-0.0011435719643196418,0.0013006206315605239,0.0007692388835460849
3.52,0.1444212924578955,0.0951738073328601,0.2918505254071073,0.00047723973888388974,0.0022820005662879815,-0.0011423906717785046,0.001315487945026072,0.0007762777502881784
3.5300000000000002,0.1428973802242525,0.09419709610698279,0.29191878842387914,0.00047237250932620663,0.0023156286682768593,-0.0011493289108836693,0.0013313222094743361,0.0007841691230120754
3.54,0.1413765828128277,0.09322193307342187,0.2919866741784697,0.00046753475218819435,0.002358383445274881,-0.0011643097486223357,0.0013481275499540746,0.0007929283747568838
3.5500000000000003,0.13985895769094886,0.09224833839215853,0.2920541833075167,0.00046272553108331647,0.00241000745227972,-0.0011871978012681682,0.0013658988306438015,0.0008025627390697728
3.56,0.1383445742446674,0.09127634285804337,0.29212131694741594,0.0004579438713086267,0.0024701826528698693,-0.0012178019643319844,0.001384621981970587,0.0008130715113118964
3.5700000000000003,0.1368335133518289,0.0903059876436701,0.29218807670240166,0.000453188784629546,0.002538534561182756,-0.001255878452439001,0.001404274381925041,0.0008244463007878683
3.58,0.13532586687928694,0.08933732397141389,0.29225446460974963,0.00044845929830024704,0.0026146366689911078,-0.001301134119781274,0.0014248252871736262,0.0008366713303855263
3.59,0.13382173711020126,0.08837041271909796,0.29232048310249675,0.00044375448709087423,0.0026980151162956344,-0.0013532300307394186,0.001446236309331927,0.0008497237801738788
3.6,0.1323212361076878,0.08740532396408766,0.29238613497009164,0.0004390735070377961,0.0027881535631972694,-0.0014117852493968738,0.001468461931567671,0.0008635741711990896
3.61,0.1308244850213602,0.08644213647090615,0.2924514233174046,0.0004344156296199471,0.002884498220533826,-0.001476380815987513,0.0014914500605506052,0.0008781867855418109
3.62,0.12933161334351453,0.08548093712771651,0.29251635152253475,0.00042978027509134044,0.002986462996855569,-0.0015465638778279864,0.0015151426086577496,0.0008935201185545917
3.63,0.12784275812186746,0.0845218203372236,0.2925809231938537,0.0004251670437642287,0.003093434719759531,-0.0016218519419944196,0.0015394761012766864,0.0009095273590857571
3.64,0.12635806313585748,0.08356488736771256,0.29264514212672266,0.0004205757441354522,0.0032047783903872934,-0.001701737216913018,0.0015643823040255968,0.0009261568934161543
3.65,0.12487767804356523,0.08261024567006102,0.29270901226030954,0.00041600641687576054,0.0033198424309959654,-0.001785691010149071,0.001589788864725564,0.0009433528285873518
3.66,0.12340175750630021,0.08165800816663787,0.29277253763491917,0.000411459353853237,0.003437963886914802,-0.0018731681500010187,0.0016156199650167,0.0009610555307839427
3.67,0.12193046029784124,0.08070829251803427,0.29283572235022914,0.0004069351115318794,0.003558473545875399,-0.0019636113990365027,0.0016417969766031278,0.0009792021744479665
3.68,0.12046394840520795,0.07976122037356173,0.2928985705247999,0.00040243451826911476,0.0036807009396247325,-0.002056455828444938,0.0016682391172406284,0.0009977272978493794
3.69,0.11900238612768393,0.07881691661140067,0.29296108625719863,0.00039795867522570425,0.003803979194868931,-0.0021511331230235323,0.0016948641017425217,0.0010165633609119957
3.7,0.11754593918061063,0.07787550857418915,0.29302327358904534,0.00039350895079235873,0.00392764970292205,-0.0022470757877562936,0.0017215887834715275,0.0010356413011982173
3.71,0.1160947738102287,0.07693712530571056,0.2930851364702545,0.00038908696862393054,0.004051066579918015,-0.0023437212282817555,0.0017483297820052135,0.0010548910840867968
3.72,0.11464905592556335,0.076001896794169,0.2931466787267087,0.0003846945895491548,0.004173600892055122,-0.002440515679066017,0.0017750040929073458,0.0010742422433342778
3.73,0.11320895025303504,0.07506995322733716,0.2932079040305628,0.0003803338877869931,0.004294644623050868,-0.0025369179547922675,0.001801529675804046,0.0010936244083909125
3.74,0.11177461951913192,0.07414142426462395,0.2932688158733385,0.0003760071220457156,0.004413614363761431,-0.002632403002333018,0.0018278260172491197,0.0011129678150438506
3.75,0.11034622366610725,0.07321643833084082,0.2933294175419295,0.0003717167022046887,0.00452995470673632,-0.0027264652326715916,0.0018538146651642389,0.0011322037961822222
3.7600000000000002,0.10892391910526951,0.07229512193615019,0.29338971209759973,0.00036746515237892147,0.004643141331308048,-0.002818621614267944,0.0018794197319537938,0.0011512652497182195
3.77,0.10750785801201733,0.07137759902635842,0.29344970235802004,0.00036325507124106707,0.004752683767633859,-0.002908414511601781,0.0019045683637182195,0.0011700870809531706
3.7800000000000002,0.1060981876663402,0.0704639903673729,0.2935093908823523,0.00035908909052388823,0.004858127830888316,-0.0029954142549529867,0.0019291911733205246,0.0011886066169455316
3.79,0.10469504984206299,0.06955441296728151,0.2935687799593581,0.0003549698326480741,0.004959057719530772,-0.0030792214298742066,0.0019532226353957986,0.0012067639907163163
3.8000000000000003,0.10329858024766056,0.06864897953913497,0.29362787159847664,0.000350899868416379,0.005055097774221231,-0.0031594688772507724,0.0019766014417299453,0.0012245024934142705
3.81,0.10190890802101302,0.06774779800712356,0.2936866675237897,0.0003468816756866852,0.005145913896514997,-0.0032358233973062626,0.0019992708157692152,0.0012417688928556445
3.8200000000000003,0.10052615528001409,0.06685097105844101,0.29374516917076604,0.00034291759988571097,0.005231214628916126,-0.0033079871533749196,0.0020211787853538746,0.0012585137171492616
3.83,0.09915043673049027,0.06595859574272403,0.29380337768565656,0.0003390098171541735,0.005310751900199463,-0.003375698773702073,0.002042278413095287,0.001274691502414323
3.84,0.09778185933243762,0.06507076312054974,0.29386129392739174,0.0003351603008261654,0.005384321442110555,-0.0034387341519283823,0.0020625279841337135,0.0012902610038936725
3.85,0.09642052202514097,0.06418755796206745,0.29391891847181967,0.00033137079184353366,0.005451762885613497,-0.003496906949241613,0.002081891151322329,0.0013051853700567786
3.86,0.0950665155113094,0.06330905849643947,0.2939762516181098,0.000327642773593588,0.005512959546772203,-0.0035500688034204235,0.002100337038179565,0.0013194322795723138
3.87,0.09371992209994358,0.06243533621237163,0.29403329339713935,0.00032397745153903157,0.005567837914115713,-0.003598109252129357,0.002117840300235375,0.0013329740413078506
3.88,0.09238081560724908,0.0615664557096286,0.29409004358167373,0.0003203757378861256,0.005616366850949685,-0.0036409553798354855,0.002134381145665962,0.0013457876577818984
3.89,0.09104926131452587,0.06070247460105824,0.2941465016981491,0.00031683824141418086,0.005658556527531986,-0.0036785711995895756,0.002149945316364693,0.0013578548527495282
3.9,0.08972531598160068,0.05984344346429136,0.29420266703986486,0.00031336526246973233,0.005694457099329633,-0.0037109567826346572,0.0021645240308333334,0.001369162063845499
3.91,0.08840902791402665,0.05898940584194459,0.2942585386813961,0.00030995679301514217,0.005724157148717254,-0.0037381471503612493,0.0021781138904964133,0.0013797004014366827
3.92,0.08710043708195671,0.05814039828883402,0.29431411549403935,0.000306612521516494,0.005747781908464944,-0.003760210944512038,0.0021907167512418206,0.0013894655750473909
3.93,0.08579957528830291,0.057296450464408955,0.2943693961621103,0.0003033318423616985,0.005765491286197526,-0.003777248892742716,0.002202339562171952,0.0013984577889158106
3.94,0.0845064663835262,0.056457585268339994,0.29442437919992,0.00030011386941850845,0.0057774777096902645,-0.0037893920876653515,0.002212994173711537,0.0014066816084162817
3.95,0.08322112652415979,0.055623819016944714,0.29447906296926285,0.0002969574532749659,0.0057839638134008185,-0.003796800098333695,0.00222269711736025,0.0014141457992398077
3.96,0.08194356447195573,0.05479516165790903,0.29453344569725926,0.00029386120165254636,0.005785199987026916,-0.0037996589337760188,0.002231469359500238,0.0014208631413634755
3.97,0.08067378193035833,0.05397161702056334,0.2945875254944046,0.00029082350244533046,0.0057814618071275236,-0.0037981788786421848,0.002239336031770688,0.00142685021995797
3.98,0.07941177391485096,0.05315318309880093,0.2946413003726866,0.0002878425488169013,0.00577304737295596,-0.003792592221311379,0.0022463261406035283,0.0014321271954809169
3.99,0.07815752915359384,0.0523398523635814,0.29469476826364216,0.00028491636577989793,0.005760274567630668,-0.003783150894910737,0.0022524722585765,0.0014367175552823517
4.0,0.07691103051466962,0.05153161210184525,0.2947479270362351,0.0002820428376904479,0.005743478265617475,-0.003770124051629898,0.0022578102002823643,0.0014406478491073066
4.01,0.07567225545618213,0.05072844477857613,0.2948007745144457,0.0002792197361099282,0.005723007507220798,-0.0037537955904907456,0.0022623786854363065,0.0014439474109196426
4.0200000000000005,0.07444117649540848,0.049930328418684854,0.29485330849447194,0.00027644474751826683,0.005699222660385198,-0.0037344616583547176,0.0022662189919480788,0.0014466480694912338
4.03,0.07321776169318837,0.049137237005353794,0.29490552676145204,0.0002737155004046844,0.005672492589597978,-0.0037124281434326163,0.0022693746016716194,0.0014487838502020031
4.04,0.07200197514974377,0.048349140891470174,0.2949574271056254,0.0002710295913116199,0.005643191851063692,-0.0036880081799150572,0.002271890841513441,0.0014503906704797984
4.05,0.07079377750815766,0.04756600722079216,0.295009007337858,0.000268384609463728,0.005611697932597994,-0.0036615196815774176,0.00227381452253263,0.0014515060312754542
4.0600000000000005,0.06959312646180074,0.0467878003555308,0.2950602653044657,0.00026577815967437007,0.005578388555867421,-0.0036332829213435616,0.002275193579600692,0.0014521687069185046
4.07,0.06839997726207904,0.04601448230709288,0.2951111989012751,0.0002632078832850699,0.005543639057689754,-0.003603618172830173,0.0022760767141094674,0.0014524184356338589
4.08,0.06721428322298159,0.045246013166813454,0.2951618060868702,0.00026067147695714525,0.005507819866113416,-0.0035728434288506386,0.002276513042120928,0.0014522956129203576
4.09,0.06603599621903512,0.04448235153361023,0.29521208489497813,0.0002581667091974507,0.005471294085921085,-0.0035412722107464635,0.002276551750244761,0.0014518409898996003
4.1,0.06486506717341975,0.043723454935614636,0.2952620334459531,0.00025569143456032837,0.0054344152070600026,-0.0035092114812472655,0.002276241761409326,0.00145109537863892
4.11,0.063701446533165,0.042969280242973536,0.2953116499573249,0.0002532436055240743,0.00539752494829722,-0.0034769596723492236,0.0022756314125598935,0.0014500993663370655
4.12,0.0625450847285276,0.042219784069170346,0.2953609327533833,0.0002508212820913398,0.005360951247140754,-0.0034448048384577968,0.0022747681461762455,0.001448893040136246
4.13,0.061395932613848875,0.04147492315838307,0.29540988027377424,0.00024842263920794454,0.005325006405765969,-0.003413022943774349,0.0022736982173508203,0.001447515724190943
4.14,0.06025394188739941,0.04073465475657705,0.2954584910810909,0.00024604597213288425,0.005289985401349511,-0.003381876291628233,0.00227246641800996,0.0014460057304835183
4.15,0.05911906548793992,0.039998936964221514,0.2955067638674474,0.0002436896999233981,0.005256164367850138,-0.0033516121021755162,0.0022711158196956215,0.0014444001247304065
4.16,0.05799125796595743,0.03926772906871807,0.29555469746002805,0.00024135236722258585,0.005223799254896265,-0.0033224612436118153,0.002269687536154469,0.0014427345085717953
4.17,0.056870475827774,0.03854099185483629,0.2956022908256113,0.00023903264455321955,0.005193124668053628,-0.0032946371207879513,0.00226822050680685,0.0014410428190833745
4.18,0.05575667785096925,0.03781868789166269,0.2956495430740723,0.0002367293273302785,0.00516435289336291,-0.0032683347238809807,0.002266751301991066,0.001439357146492186
4.19,0.05464982536980525,0.03710078179478487,0.2956964534608752,0.00023444133380673236,0.005137673107666004,-0.003243729838566603,0.002265313950699864,0.0014377075708209715
4.2,0.05354988252959224,0.03638724046264954,0.2957430213885697,0.00023216770216275494,0.005113250774890502,-0.003220978417968356,0.0022639397913474797,0.0014361220180278262
4.21,0.0524568165091835,0.03567803328625084,0.2957892464073148,0.00022990758693855834,0.005091227227144222,-0.0032002161155301554,0.0022626573459281103,0.0014346261360515138
4.22,0.051370597711035956,0.034973132331521446,0.2958351282144554,0.0002276602549961875,0.005071719428194241,-0.0031815579768768114,0.0022614922177516235,0.0014332431910185064
4.23,0.05029119991851833,0.034272512494012766,0.2958806666531869,0.0002254250811767834,0.0050548199156766,-0.0031650982876967743,0.0022604670127707675,0.0014319939837166753
4.24,0.0492186004203886,0.0335761516256603,0.29592586171034435,0.00022320154379793257,0.00504059691721182,-0.0031509105737067165,0.002259601284347313,0.001430896786293514
4.25,0.0481527801025964,0.03288403063363456,0.29597071351336124,0.00022098922011171214,0.005029094634495227,-0.0031390477478422433,0.002258911501143486,0.0014299672989946835
4.26,0.047093723507791646,0.03219613355147584,0.29601522232644684,0.00021878778181885016,0.005020333688396842,-0.003129542398966276,0.0022584110376707455,0.0014292186266223548
4.2700000000000005,0.04604141886313694,0.03151244758290133,0.2960593885460361,0.00021659699070894535,0.005014311717149591,-0.0031224072155992375,0.002258110186881404,0.0014286612742630458
4.28,0.04499585807722713,0.03083296311885468,0.29610321269557016,0.00021441669447177527,0.005011004118832327,-0.0031176355374554696,0.002258016194050572,0.0014283031617120588
4.29,0.04395703670711329,0.030157673728539596,0.29614669541967054,0.00021224682270112725,0.005010364928570461,-0.003115202026920337,0.0022581333110673085,0.00142814965590689
4.3,0.04292495389660939,0.029486576125340606,0.2961898374777724,0.00021008738309098382,0.005012327820185699,-0.003115063452023815,0.002258462870135237,0.0014282036205755955
4.3100000000000005,0.041899612287227196,0.028819670108683765,0.29623263973728586,0.00020793845780484318,0.005016807221430567,-0.0031171595719603554,0.0022590033757749653,0.0014284654822085817
4.32,0.04088101790323768,0.02815695848302796,0.2962751031663567,0.00020580019998290146,0.005023699531445194,-0.0031214141157723664,0.0022597506139238185,0.0014289333113740174
4.33,0.039869180012494565,0.027498446955302756,0.2963172288262986,0.0002036728303390882,0.005032884428674469,-0.0031277358444563074,0.0022606977768431205,0.0014296029183183871
4.34,0.03886411096477728,0.026844144012220794,0.29635901786377117,0.00020155663379072734,0.005044226257183558,-0.0031360196864664673,0.0022618356024697965,0.0014304679617248776
4.3500000000000005,0.03786582600951602,0.02619406077899148,0.29640047150277726,0.00019945195605797065,0.005057575479108346,-0.0031461479363818065,0.0022631525267876465,0.0014315200694434939
4.36,0.036874343094850576,0.025548210861047565,0.29644159103655277,0.00019735920016807515,0.0050727701808733145,-0.0031579915063653674,0.0022646348477443263,0.001432748969958167
4.37,0.03588968265004697,0.024906610170467223,0.2964823778194208,0.00019527882280092595,0.005089637620800537,-0.003171411219982844,0.002266266899202894,0.001434142633317669
4.38,0.034911867353351514,0.024269276738831214,0.2965228332586805,0.00019321133041668952,0.005107995805816917,-0.0031862591379557626,0.002268031233391611,0.0014356874202288825
4.39,0.03394092188740142,0.023636230518297593,0.2965629588065979,0.00019115727511379274,0.0051276550851389715,-0.003202379905503801,0.00226990881030239,0.001437368237992775
4.4,0.03297687268433363,0.02300749317270555,0.296602755952562,0.00018911725017515608,0.005148419749071035,-0.003219612111078073,0.0022718791924865233,0.0014391687019551563
4.41,0.03201974766274079,0.02238308786053522,0.29664222621546765,0.00018709188527231256,0.005170089621388975,-0.0032377896465004712,0.002273920743705816,0.0014410713011457034
4.42,0.031069575958614745,0.021763039011552267,0.29668137113637905,0.00018508184131022258,0.005192461634191978,-0.003256743058800585,0.00227601082991752,0.0014430575667895617
4.43,0.030126387652394365,0.02114737209895489,0.29672019227152663,0.00018308780490973735,0.0052153313745839595,-0.003276300884378319,0.0022781260211020213,0.0014451082423957067
4.44,0.02919021349419682,0.020536113408817086,0.2967586911856813,0.0001811104825392503,0.005238494593087547,-0.003296290956513576,0.002280242292482556,0.0014472034541547847
4.45,0.028261084629260153,0.01992928980858628,0.29679686944594685,0.0001791505943216014,0.005261748664290965,-0.003316541677690509,0.002282335223735638,0.0014493228804159034
4.46,0.027339032325560803,0.019326928516346112,0.29683472861600396,0.00017720886755627987,0.005284893990874943,-0.0033368832486987167,0.0022843801948487885,0.001451445919056294
4.47,0.02642408770549373,0.018729056872496985,0.29687227025083496,0.00017528603000996392,0.005307735342856198,-0.0033571488470129384,0.002286352577347788,0.001453551851609398
4.48,0.02551628148341584,0.018135702115438912,0.29690949589195026,0.00017338280304004684,0.005330083124609399,-0.0033771757475315285,0.0022882279196883427,0.0014556200030751522
4.49,0.024615643710756394,0.017546891162763627,0.2969464070631335,0.00017149989462569046,0.005351754562983858,-0.0033968063793673605,0.0022899821256859836,0.0014576298964004443
4.5,0.023722203530292005,0.016962650399376954,0.2969830052667151,0.00016963799238884755,0.005372574810607995,-0.0034158893130275692,0.002291591624942403,0.0014595614006872653
4.51,0.022835988941070005,0.01638300547387885,0.2970192919803789,0.00016779775669340462,0.005392377959267106,-0.0034342801729854004,0.002293033534315532,0.0014613948722603102
4.5200000000000005,0.021957026575343017,0.0158079811044282,0.29705526865450094,0.00016597981391398324,0.005411007959041781,-0.0034518424713328973,0.002294285809573613,0.0014631112878040228
4.53,0.02108534148875096,0.015237600895213387,0.29709093671001374,0.00016418474996694686,0.005428319439699322,-0.003468448358901705,0.0022953273864695844,0.0014646923688606398
4.54,0.020220956964855343,0.014671887164538518,0.2971262975367858,0.00016241310419480315,0.005444178431632632,-0.0034839792909453163,0.002296138310570436,0.0014661206970649728
4.55,0.019363894334995652,0.014110860785420535,0.29716135249249964,0.00016066536369154912,0.005458462984434743,-0.0034983266051841194,0.00229669985527608,0.0014673798195777939
4.5600000000000005,0.018514172814300067,0.013554541039474385,0.2971961029020099,0.00015894195815071958,0.0054710636819770885,-0.0035113920107191477,0.0022969946275628963,0.0014684543442670516
4.57,0.017671809354543568,0.013002945484743681,0.2972305500571576,0.00015724325531016453,0.005481884053620732,-0.003523087987016176,0.002297006661087794,0.0014693300242740821
4.58,0.016836818514406857,0.012456089838013327,0.2972646952170151,0.00015556955705813843,0.005490840881927592,-0.0035333380928435805,0.0022967214963886006,0.0014699938316898196
4.59,0.016009212347550403,0.011913987872019484,0.29729853960853186,0.000153921096254415,0.0054978644079488395,-0.0035420771857102747,0.002296126248015213,0.0014704340201531138
4.6000000000000005,0.015189000308780112,0.011376651327851928,0.29733208442755127,0.00015229803430815157,0.00550289843584637,-0.003549251552989396,0.0022952096585225875,0.0014706401762690172
4.61,0.014376189178445863,0.010844089842725066,0.2973653308401648,0.00015070045954144044,0.005505900339247019,-0.003554818956524878,0.0022939621393506526,0.0014706032598287106
4.62,0.01357078300508194,0.01031631089317757,0.29739827998437074,0.00014912838635423742,0.005506840972334934,-0.003558748593097635,0.002292375798707099,0.0014703156328940525
4.63,0.012772783066170296,0.00979331975364742,0.2974309329720021,0.0001475817551929782,0.005505704489252599,-0.003561020973672156,0.002290444456656163,0.001469771077888032
4.64,0.011982187846784316,0.009275119470259965,0.29746329089088996,0.0001460604333120057,0.00550248807590299,-0.0035616277248496624,0.0022881636476995296,0.001468964804907206
4.65,0.011198993035752901,0.008761710849561986,0.297495354807226,0.0001445642163042373,0.005497201598722412,-0.003560571316417777,0.0022855306112138786,0.0014678934485430628
4.66,0.010423191538873047,0.008253092461835402,0.2975271257680916,0.00014309283036557864,0.005489867175424041,-0.0035578647193066177,0.0022825442701830175,0.0014665550545657933
4.67,0.00965477350859416,0.007749260658530653,0.29755860480411894,0.00014164593524668693,0.005480518673094912,-0.0035535309986353316,0.0022792051987306377,0.0014649490568857905
4.68,0.008893726389499645,0.007250209603272573,0.29758979293225185,0.0001402231278360076,0.005469201139363096,-0.0035476028468599927,0.002275515579022196,0.0014630762452650765
4.69,0.008140034978821278,0.006755931315810977,0.29762069115857537,0.00013882394630972816,0.005455970172636585,-0.0035401220623124,0.002271479148161041,0.001460938724302481
4.7,0.007393681501139946,0.0062664157282148174,0.29765130048118427,0.0001374478747775332,0.005440891237650715,-0.0035311389786491167,0.0022671011357544295,0.0014585398642625689
4.71,0.006654645696352771,0.005781650752542743,0.29768162189306235,0.00013609434834789208,0.005424038932746782,-0.003520711850910939,0.002262388192869424,0.0014558842443588953
4.72,0.005922904919921719,0.005301622359164569,0.2977116563849468,0.00013476275853310305,0.005405496215441326,-0.0035089062040251804,0.0022573483131366427,0.0014529775891370105
4.73,0.005198434254362697,0.004826314664857684,0.29774140494815243,0.00013345245891245347,0.005385353592933875,-0.003495794149667348,0.0022519907467914587,0.0014498266986317043
4.74,0.004481206630886974,0.004355710029759871,0.2977708685773345,0.00013216277097159317,0.005363708284241721,-0.0034814536774360914,0.0022463259084674566,0.001446439372996234
4.75,0.0037711929600686206,0.0038897891622255315,0.2978000482731687,0.00013089299003747886,0.005340663360644744,-0.003465967926287056,0.002240365279575768,0.001442824332318745
4.76,0.003068362270382441,0.00342853123060571,0.29782894504493107,0.00012964239123092197,0.005316326871072614,-0.00344942444211925,0.0022341213061164308,0.0014389911323528484
4.7700000000000005,0.0023726818534366713,0.0029719139809537666,0.29785755991296053,0.00012841023536272253,0.005290810958972805,-0.003431914427313713,0.002227607292774204,0.0014349500768954416
4.78,0.00168411741471319,0.002519913859647685,0.29788589391099024,0.00012719577470443868,0.005264230977062274,-0.0034135319878909305,0.0022208372941515037,0.0014307121275455189
4.79,0.0010026332286251732,0.0020725061399168437,0.29791394808833516,0.00012599825857084783,0.005236704606190671,-0.003394373383783057,0.002213826003985441,0.0014262888115730743
4.8,0.0003281922967076212,0.0016296650512652453,0.2979417235119255,0.00012481693865791415,0.005208350984330671,-0.0033745362875122554,0.0022065886431846034,0.0014216921286174676
4.8100000000000005,-0.00033924349223021463,0.0011913639107945203,0.29796922126817693,0.00012365107408739438,0.005179289851463896,-0.003354119056330176,0.0021991408475044217,0.0014169344569200468
4.82,-0.0009997132011401039,0.0007575752554481213,0.2979964424646908,0.0001224999361168961,0.00514964071585145,-0.0033332200226087235,0.0021914985556579884,0.0014120284597766556
4.83,-0.0016532566840786818,0.0003282709742226549,0.2980233882317789,0.00012136281248205963,0.005119522046869142,-0.003311936806981842,0.0021836778986323744,0.0014069869928722
4.84,-0.0022999144269450324,-9.657756057710262e-05,0.2980500597238087,0.00012023901134538679,0.005089050499251685,-0.003290365658425193,0.0021756950909490908,0.0014018230131320126
4.8500000000000005,-0.0029397273906549637,-0.000516999363926749,0.2980764581203676,0.00011912786483391976,0.00505834017323064,-0.0032686008251284443,0.002167566324571763,0.0013965494896936576
4.86,-0.0035727368577466827,-0.0009330237113602043,0.29810258462724354,0.00011802873215532851,0.005027501914670584,-0.0032467339596665744,0.002159307666124644,0.001391179317568425
4.87,-0.004198984283358819,-0.0013446800157367984,0.29812844047722414,0.00011694100228886679,0.004996642658909993,-0.003224853561615237,0.0021509349580427157,0.0013857252345244
4.88,-0.004818511151463005,-0.0017519977082468912,0.29815402693071474,0.00011586409625399056,0.004965864821600891,-0.003203044460383932,0.002142463724228155,0.001380199741683046
4.89,-0.005431358837170035,-0.002155006124351359,0.29817934527617834,0.00011479746896511383,0.004935265739417558,-0.003181387340662474,0.0021339090807393282,0.0013746150282790733
4.9,-0.0060375684758616315,-0.002553734395292989,0.2982043968304014,0.00011374061068593718,0.004904937163072684,-0.0031599583124940194,0.0021252856519875965,0.00136898290098934
4.91,-0.00663718083982948,-0.002948211345757832,0.29822918293858985,0.00011269304810098466,0.004874964804642589,-0.003138828527604484,0.0021166074928645135,0.001363314718191036
4.92,-0.00723023622303026,-0.0033384653982023865,0.2982537049743016,0.00011165434502540316,0.0048454279407645386,-0.003118063843236361,0.0021078880171678557,0.001357621329462802
4.93,-0.007816774334490257,-0.0037245244842986146,0.29827796433922116,0.0001106241027767184,0.004816399072831959,-0.0030977245343572495,0.0020991399326398107,0.0013519130205950842
4.94,-0.008396834200816527,-0.0041064159638837736,0.29830196246278473,0.00010960196023412385,0.004787943644880496,-0.0030778650547423677,0.0020903751828749194,0.0013461994643283104
4.95,-0.008970454078194077,-0.004484166551736331,0.29832570080166293,0.00010858759361204184,0.004760119819432235,-0.0030585338470682064,0.0020816048962994833,0.0013404896769897091
4.96,-0.009537671374170564,-0.004857802252433347,0.2983491808391104,0.00010758071597519457,0.004732978311149965,-0.0030397732018035,0.00207283934236846,0.0013347919811521486
4.97,-0.010098522579452348,-0.005227348303479128,0.29837240408419097,0.00010658107652232179,0.004706562277750609,-0.0030216191643458313,0.002064087895070794,0.0013291139743915527
4.98,-0.010653043209858756,-0.005592829126830045,0.298395372070889,0.00010558845966505883,0.004680907267239575,-0.0030041014895292846,0.002055359003780024,0.0013234625041735732
4.99,-0.011201267758505691,-0.005954268288876794,0.2984180863571161,0.00010460268392742476,0.004656041220158014,-0.002987243642322345,0.002046660171434224,0.0013178436488555578
5.0,-0.011743229658215776,-0.00631168846888322,0.29844054852362456,0.0001036236006899533,0.004631984525185063,-0.002971062843247156,0.0020379979399782265,0.0013122627047467185
