time,x,z,theta,alpha
0.0,0.2,3.0,0.0,0.1
0.01,0.1999938119722544,3.00000066227709,0.004958396885,0.1003681446955296
0.02,0.19998054532513718,3.000002533635606,0.01792958295152838,0.1014397473936203
0.03,0.1999742000012955,3.0000052458863995,0.035632214502265766,0.10312863366397203
0.04,0.19999404330524656,3.000008098146591,0.05570564330606717,0.1053174960479049
0.05,0.20006196801582363,3.0000099849176283,0.0764770980270903,0.10787462279045293
0.06,0.20020062540566766,3.0000094206532975,0.09678591965605854,0.11066544166699431
0.07,0.20043213856060835,3.000004640879534,0.11585103292824,0.1135602377997514
0.08,0.20077724748364917,2.999993744426204,0.13317114684598613,0.11643906525969346
0.09,0.20125477175221124,2.9999748447435177,0.14844969909644212,0.11919462628511214
0.1,0.2018813031251949,2.999946207638249,0.16153849209229576,0.12173370453394504
0.11,0.20267106162295564,2.999906362327035,0.1723954462827176,0.12397759256364752
0.12,0.2036358653697508,2.9998541803416368,0.18105301907416738,0.12586183947620905
0.13,0.20478517762776763,2.9997889221156737,0.1875946849247359,0.1273355563940768
0.14,0.20612620456006855,2.999710254319409,0.19213750866059012,0.12836045036478005
0.15,0.2076640248795782,2.99961824268432,0.1948193215525812,0.1289097072295705
0.16,0.20940173817071728,2.9995133256579356,0.195789368496013,0.12896680723877016
0.17,0.2113406227504511,2.9993962741468527,0.1952015653578897,0.12852433060761853
0.18,0.21348029684016442,2.999268142132545,0.19320971093383163,0.12758279120804122
0.19,0.21581887885337175,2.999130212279504,0.18996415464467878,0.126149523155339
0.2,0.21835314400650513,2.998983939926555,0.185609541211334,0.12423763562419608
0.21,0.22107867541420725,2.998830898137264,0.1802833458900935,0.12186504466118211
0.22,0.22399000847342876,2.9986727258271406,0.17411498489717941,0.11905358620918685
0.23,0.2270807677718709,2.998511080404736,0.16722534021258698,0.115828211419477
0.24,0.2303437960470108,2.998347595867755,0.15972657967292006,0.11221626317272074
0.25,0.2337712749215991,2.998183846883132,0.15172218494884546,0.10824683126332883
0.26,0.23735483728369916,2.9980213190463876,0.14330712385435002,0.10395018271549242
0.27,0.2410856712860633,2.997861385253071,0.13456812119476552,0.0993572630525651
0.28,0.24495461602474963,2.9977052879155015,0.1255839954187285,0.09449926393693489
0.29,0.24895224902854796,2.9975541266129704,0.11642603780664386,0.0894072523689415
0.3,0.2530689657534032,2.9974088506650505,0.10715841768951989,0.0841118565351544
0.31,0.2572950513315845,2.99727025605808,0.09783860194666284,0.07864300339671156
0.32,0.26162074487442033,2.9971389861272875,0.08851778032550328,0.07302970318480505
0.33,0.2660362966698337,2.9970155353950605,0.07924129038313966,0.06729987610606476
0.34,0.27053201865122917,2.996900255983809,0.07004903738593106,0.061480216742605585
0.35000000000000003,0.275098328542086,2.996793366054714,0.060975905556822266,0.0555960918493876
0.36,0.2797257881006522,2.9966949597669754,0.05205215780040503,0.04967146749643079
0.37,0.28440513590143934,2.996605018302237,0.04330382158197644,0.04372886176760748
0.38,0.289127315095064,2.996523421552516,0.034753059068757294,0.03778931950437532
0.39,0.293883496585903,2.9964499601246883,0.026418520009471484,0.03187240586584528
0.4,0.29866509805874475,2.9963843473683105,0.01831567616210955,0.025996215760660267
0.41000000000000003,0.30346379927198147,2.996326231184837,0.010457136393803057,0.02017739648665824
0.42,0.3082715540168298,2.996275205423987,0.0028529418767046398,0.014431181187284758
0.43,0.3130805991205374,2.9962308207164323,-0.004489158910737807,0.008771430995980944
0.44,0.3178834608474574,2.996192594630718,-0.011563455400017042,0.0032106839887575764
0.45,0.32267295902611914,2.9961600210762396,-0.01836604014367186,-0.0022397907010284403
0.46,0.32744220920376604,2.996132578903226,-0.024894593579440343,-0.0075699350343639655
0.47000000000000003,0.3321846231029597,2.9961097396752505,-0.031148187716119477,-0.01277084171335946
0.48,0.336893907628326,2.9960909746100484,-0.037127107951971,-0.017834692369281733
0.49,0.34156406264581507,2.996075760700828,-0.04283269211109026,-0.02275469517304632
0.5,0.34618937773232067,2.9960635860431295,-0.04826718568955992,-0.027525022601519587
0.51,0.350764428070418,2.9960539544021167,-0.05343361223980317,-0.03214074996156117
0.52,0.3552840696415179,2.996046389062355,-0.05833565778585611,-0.03659779515789683
0.53,0.35974343385099755,2.9960404360070374,-0.06297756815123648,-0.04089286008965272
0.54,0.36413792170090525,2.996035666476663,-0.06736405809129012,-0.045023373972615396
0.55,0.36846319760963514,2.9960316789586536,-0.07150023114980569,-0.04898743880887166
0.56,0.3727151829634879,2.9960281006596414,-0.07539150920179678,-0.05278377716127583
0.5700000000000001,0.3768900494721933,2.9960245885114314,-0.07904357069732582,-0.05641168233605352
0.58,0.3809842123891781,2.9960208297601403,-0.08246229668202033,-0.059870971031678336
0.59,0.38499432364750086,2.99601654218598,-0.08565372373577594,-0.06316193847490292
0.6,0.3889172649538294,2.996011473998702,-0.08862400303968154,-0.06628531603450416
0.61,0.39275014087548166,2.996005403451004,-0.0913793648504475,-0.0692422312790007
0.62,0.39649027194926273,2.9959981382093437,-0.09392608772993699,-0.07203417042548438
0.63,0.4001351878354948,2.995989514518656,-0.09627047194351236,-0.07466294311201557
0.64,0.4036826205361379,2.995979396194533,-0.09841881650384113,-0.07713064941508564
0.65,0.40713049769213133,2.9959676734735416,-0.10037739939587029,-0.07943964902584053
0.66,0.410476935971952,2.995954261749533,-0.10215246057342055,-0.08159253249355347
0.67,0.4137202345607986,2.995939100221122,-0.1037501873680262,-0.08359209444176366
0.68,0.4168588687576867,2.995922150472953,-0.10517670199616676,-0.08544130866115537
0.6900000000000001,0.4198914836860105,2.9959033950109593,-0.10643805089195288,-0.08714330498329048
0.7000000000000001,0.4228168881217279,2.995882835769562,-0.10754019562878922,-0.08870134784042805
0.71,0.4256340484422004,2.9958604926066594,-0.10848900522576649,-0.09011881641861728
0.72,0.4283420826978219,2.9958364018002976,-0.10929024966280895,-0.09139918631382442
0.73,0.4309402548078592,2.995810614559125,-0.10994959445323065,-0.09254601260387539
0.74,0.4334279688813613,2.9957831955570695,-0.11047259614366006,-0.09356291425232355
0.75,0.4358047636635574,2.9957542215011714,-0.11086469862960836,-0.09445355976386793
0.76,0.4380703071078107,2.995723779740118,-0.1111312301906062,-0.09522165401456348
0.77,0.440224391072927,2.9956919669197726,-0.1112774011621319,-0.09587092618370577
0.78,0.4422669261453988,2.9956588876908454,-0.11130830217279412,-0.09640511871788654
0.79,0.4441979365859946,2.9956246534728375,-0.11122890288469034,-0.09682797726125905
0.8,0.4460175553999633,2.995589381277449,-0.11104405118279007,-0.09714324148949653
0.81,0.44772601953000785,2.9955531925938237,-0.1107584727658158,-0.09735463678825053
0.8200000000000001,0.4493236651710834,2.995516212337256,-0.11037677109661967,-0.09746586672010685
0.8300000000000001,0.4508109232059879,2.9954785678623295,-0.10990342767465928,-0.09748060622708761
0.84,0.452188314760634,2.995440388040877,-0.10934280259702027,-0.09740249551865626
0.85,0.45345644687781783,2.995401802404635,-0.10869913537765218,-0.09723513459794866
0.86,0.45461600830823046,2.995362940352021,-0.10797654599719603,-0.09698207838158196
0.87,0.4556677654173888,2.99532393041808,-0.10717903615808555,-0.0966468323708877
0.88,0.4566125582070989,2.9952848996062995,-0.10631049072158319,-0.09623284883478364
0.89,0.45745129644999966,2.995245972780733,-0.10537467930513628,-0.09574352346674658
0.9,0.4581849559356724,2.9952072721166036,-0.1043752580199644,-0.09518219248048317
0.91,0.4588145748267425,2.9951689166073945,-0.10331577133016248,-0.09455213011092424
0.92,0.45934125012334115,2.9951310216262486,-0.10219965401586134,-0.09385654648909772
0.93,0.45976613423424034,2.995093698539396,-0.10103023322415705,-0.09309858586127151
0.9400000000000001,0.460090431652923,2.995057054369217,-0.09981073059262399,-0.09228132512450758
0.9500000000000001,0.460315395736803,2.9950211915044944,-0.09854426443127935,-0.09140777265243656
0.96,0.46044232558776615,2.9949862074553533,-0.09723385194988132,-0.09048086738665358
0.97,0.4604725630321642,2.994952194650384,-0.09588241151842529,-0.08950347817065532
0.98,0.4604074896983615,2.994919240273422,-0.09449276494965811,-0.0884784033046887
0.99,0.4602485241899035,2.9948874261374914,-0.09306763979336069,-0.08740837030126698
1.0,0.45999711935235443,2.9948568285934334,-0.09160967163305514,-0.08629603582243188
1.01,0.4596547596318322,2.994827518470797,-0.09012140637667335,-0.08514398578110316
1.02,0.4592229585232562,2.9947995610486102,-0.08860530253357722,-0.08395473559006238
1.03,0.45870325610631485,2.9947730160537254,-0.08706373347114524,-0.08273073054326643
1.04,0.4580972166671595,2.994747937684484,-0.08549898964493254,-0.08147434631528161
1.05,0.457406426403829,2.994724374657542,-0.08391328079717028,-0.08018788956567073
1.06,0.45663249121341976,2.9947023702757622,-0.0823087381190921,-0.07887359863615646
1.07,0.45577703455902485,2.9946819625151715,-0.0806874163732586,-0.07753364432932425
1.08,0.4548416954144803,2.9946631841290645,-0.07905129597269425,-0.0761701307585191
1.09,0.45382812628497543,2.99464606276743,-0.07740228501425207,-0.07478509625943404
1.1,0.45273799130160663,2.9946306211099554,-0.07574222126418018,-0.07338051435468393
1.11,0.45157296438797584,2.9946168770109685,-0.07407287409437961,-0.07195829476340918
1.12,0.4503347274969655,2.99460484365475,-0.07239594636831499,-0.07052028444865986
1.1300000000000001,0.44902496891584825,2.9945945297197563,-0.0707130762759683,-0.06906826869597382
1.1400000000000001,0.4476453816379225,2.994585939550363,-0.06902583911761297,-0.06760397221718249
1.1500000000000001,0.44619766179889747,2.9945790733348394,-0.06733574903653056,-0.06612906027405888
1.16,0.44468350717628585,2.9945739272883367,-0.06564426070109762,-0.06464513981696209
1.17,0.4431046157500965,2.994570493839767,-0.06395277093693709,-0.06315376063413591
1.18,0.4414626843231568,2.9945687618215158,-0.06226262031005868,-0.061656416507784584
1.19,0.43975940719943,2.9945687166610178,-0.06057509466210839,-0.06015454637348006
1.2,0.43799647491873045,2.9945703405732953,-0.05889142659900991,-0.0586495354798525
1.21,0.4361755730462747,2.9945736127536273,-0.05721279693441337,-0.057142716545880934
1.22,0.4342983810155463,2.9945785095695947,-0.05554033608947149,-0.05563537091343609
1.23,0.43236657102298554,2.9945850047517957,-0.05387512545054161,-0.05412872969303328
1.24,0.4303818069730534,2.9945930695826086,-0.05221819868646746,-0.052623974901031885
1.25,0.4283457434722543,2.994602673082418,-0.050570543027128406,-0.051122240586770916
1.26,0.4262600248707367,2.99461378219279,-0.048933100504958804,-0.04962461394835854
1.27,0.4241262843501257,2.9946263619561324,-0.04730676916113822,-0.04813213643603959
1.28,0.42194614305627465,2.99464037569142,-0.04569240421813637,-0.0466458048422495
1.29,0.4197212092756561,2.994655785165623,-0.0440908192202671,-0.04516657237762803
1.3,0.41745307765414413,2.9946725507605128,-0.042502787143865,-0.04369534973241277
1.31,0.4151433284569708,2.9946906316345667,-0.0409290414786483,-0.04223300612276169
1.32,0.4127935268686696,2.9947099858797297,-0.039370277281774016,-0.04078037032166804
1.33,0.41040522233184923,2.9947305706728313,-0.037827152206027656,-0.039338231674230256
1.34,0.40797994792366643,2.9947523424214895,-0.036300287503520934,-0.03790734109712584
1.35,0.4055192197688974,2.9947752569043637,-0.03479026900619896,-0.03648841206221241
1.36,0.4030245364885308,2.994799269405654,-0.03329764808438351,-0.03508212156424245
1.37,0.40049737868283336,2.9948243348437686,-0.03182294258450309,-0.03368911107273174
1.3800000000000001,0.39793920844786124,2.9948504078941056,-0.030366637747083577,-0.03230998746806597
1.3900000000000001,0.39535146892441697,2.9948774431059277,-0.028929187105997116,-0.030945323961966767
1.4000000000000001,0.3927355838784728,2.994905395013321,-0.027511013369891143,-0.0295956610024675
1.41,0.3900929573121043,2.994934218240254,-0.026112509286645595,-0.028261507163572834
1.42,0.38742497310400004,2.9949638675997767,-0.024734038491634337,-0.02694334001979312
1.43,0.3847329946786331,2.9949942981874043,-0.023375936340497273,-0.025641607005757794
1.44,0.3820183647032018,2.9950254654687614,-0.022038510727062817,-0.024356726261120135
1.45,0.37928240481146513,2.9950573253615644,-0.020722042886996743,-0.023089087460970825
1.46,0.3765264153536184,2.9950898343120396,-0.019426788187692893,-0.02183905263197917
1.47,0.3737516751713725,2.9951229493658813,-0.018152976904864223,-0.020606956954480154
1.48,0.3709594413974182,2.995156628233873,-0.016900814986239177,-0.019393109550722168
1.49,0.3681509492784754,2.9951908293522926,-0.015670484802718404,-0.018197794259485544
1.5,0.36532741202114144,2.995225511938238,-0.014462145887300533,-0.017021270397275468
1.51,0.36249002065977237,2.995260636040019,-0.013275935662043015,-0.015863773506285567
1.52,0.3596399439456452,2.9952961625827568,-0.01211197015328485,-0.014725516089320082
1.53,0.356778328256665,2.995332053409351,-0.010970344695322317,-0.013606688331853717
1.54,0.3539062975268972,2.9953682713169663,-0.009851134622696552,-0.01250745881139906
1.55,0.3510249531952186,2.9954047800892036,-0.008754395951222772,-0.011427975194342079
1.56,0.3481353741723981,2.995441544524119,-0.00768016604786511,-0.010368364920396882
1.57,0.34523861682592905,2.995478530458253,-0.006628464289538152,-0.009328735874821689
1.58,0.3423357149819529,2.995515704786842,-0.005599292710896373,-0.008309177048529055
1.59,0.339427679943625,2.995553035480377,-0.004592636641155362,-0.007309759186214822
1.6,0.3365155005252885,2.9955904915976785,-0.003608465329974136,-0.006330535422622155
1.61,0.3336001431018358,2.9956280432956546,-0.0026467325624155488,-0.005371541907049448
1.62,0.33068255167264915,2.995665661835911,-0.0017073772629918457,-0.004432798416203864
1.6300000000000001,0.32776364793952684,2.9957033195883773,-0.0007903240887944908,-0.003514308955495841
1.6400000000000001,0.3248443313980121,2.995740990032111,0.00010451598829855195,-0.0026160623488641556
1.6500000000000001,0.3219254794415571,2.9957786477534456,0.000977245110349089,-0.0017380328172159482
1.6600000000000001,0.31900794747796435,2.9958162684416396,0.0018279779730320733,-0.0008801805455616817
1.67,0.31609256905756294,2.9958538288821823,0.0026568412762707065,-4.2452238921136245e-05
1.68,0.3131801560125866,2.995891306947909,0.003463973185847625,0.0007752183329266362
1.69,0.31027149860723474,2.9959286815880803,0.004249522806005043,0.0015729098017790506
1.7,0.3073673656979089,2.995965932815564,0.005013649663044189,0.0023507126783630415
1.71,0.30446850490312827,2.9960030416922705,0.0057565231999308865,0.0031087288406384398
1.72,0.30157564278264093,2.996039990312976,0.00647832228190979,0.003847071032985529
1.73,0.29868948502525783,2.996076761787669,0.007179234713124795,0.004565862376210956
1.74,0.29581071664494885,2.9961133402225477,0.00785945676423747,0.005265235888306014
1.75,0.2929400021847511,2.9961497106998016,0.008519192711029213,0.005945334015890699
1.76,0.29007798592805095,2.996185859256292,0.009158654383966302,0.006606308176275923
1.77,0.2872252921168132,2.9962217728612512,0.009778060728700081,0.007248318310074851
1.78,0.28438252517633966,2.9962574393931147,0.010377637377467414,0.00787153244429262
1.79,0.2815502699461533,2.9962928476155906,0.010957616231349202,0.008476126265821596
1.8,0.2787290919166118,2.9963279871530744,0.01151823505333737,0.009062282705267074
1.81,0.2759195374708675,2.9963628484655045,0.012059737072153236,0.009630191531025734
1.82,0.27312213413179925,2.9963974228227546,0.012582370596752759,0.010180048953536448
1.83,0.2703373908135536,2.996431702278652,0.01308638864144676,0.01071205723962013
1.84,0.2675657980773421,2.996465679644708,0.01357204856155693,0.01122642433682225
1.85,0.2648078283911513,2.9964993484636406,0.014039611699521372,0.011723363507668552
1.86,0.2620639363930337,2.9965327029827677,0.014489343041356424,0.012203092973741263
1.87,0.25933455915765574,2.9965657381273383,0.014921510883374841,0.012665835569479837
1.8800000000000001,0.2566201164657896,2.9965984494738755,0.015336386509053982,0.013111818405607018
1.8900000000000001,0.25392101107644566,2.9966308332235925,0.01573424387594138,0.01354127254207774
1.9000000000000001,0.25123762900135105,2.996662886175938,0.016115359312479267,0.013954432670445154
1.9100000000000001,0.24857033978148935,2.9966946057023347,0.01648001122462398,0.01435153680553484
1.92,0.24591949676542593,2.996725989720152,0.01682847981213095,0.014732825986315246
1.93,0.2432854373891524,2.996757036666972,0.01716104679437102,0.015098543985849247
1.94,0.2406684834571921,2.996787745475182,0.01747799514553925,0.015448937030208876
1.95,0.23806894142471816,2.996818115546945,0.017779608839113177,0.015784253526232434
1.96,0.23548710268044332,2.9968481467295787,0.018066172601413473,0.016104743798000483
1.97,0.2329232438300502,2.996877839291376,0.018337971674116577,0.01641065983190472
1.98,0.23037762697993813,2.9969071938979033,0.018595291585565506,0.01670225503018128
1.99,0.22785050002107146,2.996936211588801,0.018838417930722287,0.016979783972777822
2.0,0.22534209691272206,2.9969648937551097,0.01906763615960289,0.01724350218742161
2.0100000000000002,0.2228526379659066,2.996993242117148,0.01928323137403337,0.017493665927753952
2.02,0.2203823301263271,2.9970212587029543,0.019485488132564083,0.017730531959394544
2.0300000000000002,0.21793136725663073,2.9970489458273186,0.019674690263377155,0.017954357353797735
2.04,0.21549993041781204,2.9970763060714085,0.019851120685021366,0.018165399289761325
2.05,0.21308818814958888,2.9971033422630087,0.020015061234807424,0.018363914862447272
2.06,0.2106962967495893,2.9971300574573783,0.020166792504696076,0.018550160899772627
2.07,0.20832440055119467,2.9971564549187373,0.02030659368451105,0.018724393786028186
2.08,0.20597263219989057,2.997182538102385,0.020434742412308686,0.018886869292581564
2.09,0.2036411129279839,2.9972083106374523,0.020551514631736226,0.019037842415520975
2.1,0.20132995282755123,2.997233776310297,0.02065718445621106,0.0191775672200955
2.11,0.19903925112148943,2.997258939048531,0.020752024039753812,0.019306296691807542
2.12,0.19676909643254653,2.997283802905687,0.020836303454308848,0.019424282594013055
2.13,0.19451956705021622,2.9973083720465183,0.020910290573386864,0.019531775331885232
2.14,0.19229073119538573,2.9973326507329263,0.02097425096186522,0.019629023822597638
2.15,0.19008264728263227,2.997356643310511,0.021028447771783115,0.019716275371583138
2.16,0.18789536418006966,2.99738035419574,0.0210731416439701,0.01979377555472549
2.17,0.1857289214666509,2.997403787863723,0.021108590615348047,0.019861768106341198
2.18,0.18358334968683943,2.997426948836588,0.021135050031748485,0.019920494812809927
2.19,0.18145867060256565,2.997449841672446,0.02115277246608901,0.019970195411712775
2.2,0.17935489744239141,2.9974724709549365,0.02116200764175452,0.020011107496338637
2.21,0.17727203514780931,2.99749484128334,0.021163002361031042,0.020043466425420105
2.22,0.175210080616609,2.9975169572632456,0.021156000438442152,0.020067505237961497
2.23,0.17316902294324713,2.997538823497764,0.021141242638840173,0.02008345457302299
2.24,0.17114884365616215,2.997560444579268,0.021118966620106674,0.020091542594326203
2.25,0.16914951695197974,2.9975818250816544,0.021089406880319163,0.020091994919548085
2.2600000000000002,0.16717100992655842,2.997602969553103,0.021052794709243313,0.020085034554171502
2.27,0.1652132828028298,2.9976238825093278,0.021009358144012488,0.020070881829762587
2.2800000000000002,0.16327628915539114,2.9976445684273023,0.02095932192885887,0.020049754346546572
2.29,0.16135997613181266,2.9976650317394427,0.02090290747876302,0.020021866920155593
2.3000000000000003,0.15946428467062482,2.997685276828235,0.02084033284689123,0.019987431532423775
2.31,0.15758914971595536,2.997705308021295,0.02077181269569267,0.019946657286106725
2.32,0.1557345004287888,2.997725129586836,0.0206975582715308,0.019899750363404477
2.33,0.1539002603948249,2.9977447457295425,0.020617777382726195,0.019846913988168857
2.34,0.1520863478289155,2.997764160586825,0.02053267438089051,0.019788348391678166
2.35,0.1502926757760628,2.99778337822544,0.020442450145433808,0.019724250781864152
2.36,0.14851915230896498,2.9978024026384715,0.020347302071130138,0.019654815315878094
2.37,0.14676568072209767,2.9978212377426434,0.020247424058628775,0.019580233075885047
2.38,0.1450321597223236,2.997839887375962,0.02014300650780105,0.01950069204797718
2.39,0.14331848361602456,2.9978583552956644,0.020034236313815214,0.019416377104099256
2.4,0.14162454249275264,2.9978766451764636,0.019921296865834374,0.019327469986881358
2.41,0.13995022240540114,2.997894760609074,0.019804368048234836,0.019234149297276074
2.42,0.13829540554689654,2.997912705099004,0.01968362624424479,0.019136590484899317
2.43,0.13665997042341668,2.9979304820656014,0.019559244341905632,0.019034965840976116
2.44,0.1350437920241416,2.997948094841339,0.019431391742260568,0.018929444493794738
2.45,0.13344674198754608,2.997965546671326,0.019300234369677545,0.018820192406574558
2.46,0.13186868876424515,2.9979828407130364,0.019165934684215836,0.018707372377655133
2.47,0.13030949777640546,2.9979999800362327,0.019028651695947918,0.01859114404291597
2.48,0.12876903157373745,2.9980169676230837,0.018888540981150507,0.018471663880338527
2.49,0.12724714998608533,2.9980338063684573,0.018745754700280826,0.018349085216623953
2.5,0.12574371027263326,2.99805049908038,0.01860044161765636,0.018223558235782054
2.5100000000000002,0.12425856726774812,2.998067048480648,0.018452747122758472,0.01809522998960902
2.52,0.1227915735234805,2.9980834572055874,0.018302813253082414,0.017964244409973292
2.5300000000000002,0.12134257944874745,2.998099727806939,0.018150778718458188,0.01783074232283097
2.54,0.11991143344522169,2.998115862752875,0.017996778926768923,0.017694861463894006
2.5500000000000003,0.11849798203995339,2.998131864429121,0.01784094601099525,0.01755673649587636
2.56,0.11710207001475202,2.9981477351401895,0.01768340885751619,0.01741649902724515
2.57,0.11572354053235698,2.9981634771106993,0.017524293135599,0.0172742776324056
2.58,0.11436223525942676,2.9981790924867866,0.017363721328012196,0.01713019787325057
2.59,0.11301799448637777,2.9981945833375927,0.01720181276269791,0.016984382322006983
2.6,0.11169065724410444,2.9982099516568192,0.017038683645441508,0.01683695058531354
2.61,0.11038006141761411,2.998225199364347,0.01687444709347813,0.016688019329465547
2.62,0.10908604385660997,2.998240328307908,0.016709213169977546,0.016537702306764605
2.63,0.10780844048305724,2.9982553402648056,0.016543088919350503,0.016386110382912503
2.64,0.10654708639576785,2.9982702369436742,0.016376178403321246,0.016233351565390314
2.65,0.10530181597204005,2.9982850199862763,0.016208582737712675,0.01607953103276535
2.66,0.10407246296638979,2.9982996909693242,0.0160404001298921,0.015924751164870212
2.67,0.10285886060641156,2.998314251406327,0.015871725916827145,0.015769111573799763
2.68,0.10166084168580673,2.9983287027494536,0.015702652603702884,0.015612709135673381
2.69,0.10047823865461848,2.9983430463914083,0.015533269903052798,0.01545563802311139
2.7,0.09931088370671201,2.9983572836673136,0.0153636647743576,0.015297989738376032
2.71,0.0981586088645402,2.9983714158565973,0.015193921464067402,0.015139853147128856
2.72,0.09702124606123452,2.9983854441848754,0.015024121546004146,0.014981314512757787
2.73,0.09589862722006175,2.998399369825832,0.014854343962102558,0.014822457531228586
2.74,0.09479058433128715,2.9984131939030902,0.014684665063449249,0.014663363366416798
2.75,0.09369694952648529,2.9984269174920675,0.014515158651580937,0.01450411068587762
2.7600000000000002,0.09261755515033963,2.998440541621819,0.014345896020004025,0.014344775697012488
2.77,0.09155223382997256,2.9984540672768616,0.014176945995899047,0.01418543218359248
2.7800000000000002,0.09050081854184722,2.9984674953989736,0.01400837498197477,0.01402615154259989
2.79,0.08946314267628329,2.9984808268889735,0.0138402469984379,0.01386700282135064
2.8000000000000003,0.0884390400996283,2.9984940626084713,0.01367262372504561,0.013708052754861389
2.81,0.08742834521412654,2.998507203381591,0.013505564543209175,0.013549365803426399
2.82,0.08643089301552756,2.9985202499966648,0.013339126578118247,0.013391004190370466
2.83,0.0854465191484762,2.998533203207891,0.013173364740856357,0.013233027939945305
2.84,0.08447505995972615,2.9985460637369634,0.013008331770479336,0.01307549491533797
2.85,0.08351635254921888,2.9985588322746617,0.012844078276029442,0.012918460856760986
2.86,0.08257023481906985,2.998571509482408,0.012680652778459001,0.012761979419594954
2.87,0.08163654552050364,2.9985840959937855,0.012518101752438426,0.012606102212555474
2.88,0.08071512429877974,2.9985965924160176,0.012356469668024459,0.012450878835857266
2.89,0.07980581173615009,2.9986089993314105,0.012195799032165477,0.012296356919349386
2.9,0.0789084493928901,2.9986213172987535,0.012036130430021663,0.01214258216059645
2.91,0.07802287984644385,2.998633546854682,0.011877502566078774,0.01198959836288175
2.92,0.07714894672872442,2.9986456885149964,0.011719952305035182,0.011837447473109101
2.93,0.07628649476161001,2.9986577427759453,0.011563514712442734,0.011686169619581207
2.94,0.07543536979067608,2.9986697101154616,0.011408223095082876,0.011535803149633218
2.95,0.07459541881720368,2.9986815909943627,0.01125410904106033,0.011386384667101108
2.96,0.07376649002850362,2.9986933858575067,0.011101202459597474,0.011237949069605296
2.97,0.07294843282659613,2.9987050951349086,0.010949531620513361,0.011090529585630865
2.98,0.07214109785528486,2.9987167192428155,0.010799123193372165,0.010944157811386508
2.99,0.07134433702566428,2.998728258584742,0.010650002286286538,0.010798863747425195
3.0,0.07055800354009881,2.9987397135524647,0.010502192484362245,0.010654675835010306
3.0100000000000002,0.06978195191471165,2.9987510845269774,0.010355715887771058,0.01051162099221179
3.02,0.06901603800042123,2.998762371879405,0.010210593149439716,0.010369724649717645
3.0300000000000002,0.06826011900256236,2.9987735759718834,0.010066843512343418,0.010229010786346767
3.04,0.067514053499129,2.9987846971583947,0.009924484846393005,0.010089501964249929
3.0500000000000003,0.06677770145767532,2.9987957357855706,0.009783533684905678,0.009951219363786352
3.06,0.06605092425091086,2.9988066921934555,0.00964400526064974,0.009814182818064041
3.0700000000000003,0.06533358467102553,2.9988175667162333,0.0095059135414545,0.009678410847132682
3.08,0.06462554694277965,2.998828359682921,0.009369271265377066,0.009543920691818596
3.09,0.06392667673539372,2.9988390714180246,0.009234089975418398,0.009410728347191857
3.1,0.06323684117327219,2.9988497022421634,0.009100380053781559,0.00927884859565627
3.11,0.06255590884559507,2.9988602524726593,0.008968150755665656,0.009148295039653578
3.12,0.06188374981481074,2.9988707224240945,0.008837410242589555,0.00901908013397377
3.13,0.061220235624062744,2.998881112408837,0.008708165615239953,0.008891215217663995
3.14,0.06056523930358308,2.998891422737536,0.00858042294583894,0.008764710545529093
3.15,0.05991863537608384,2.998901653719589,0.008454187310026675,0.00863957531921732
3.16,0.059280299861178574,2.9989118056635755,0.008329462818255308,0.00851581771788536
3.17,0.05865011027886436,2.9989218788776664,0.008206252646690722,0.008393444928437212
3.18,0.05802794565209506,2.9989318736700055,0.008084559067619177,0.008272463175332019
3.19,0.05741368650847558,2.9989417903490634,0.00796438347935635,0.008152877749956445
3.2,0.056807214881106675,2.9989516292239675,0.007845726435656704,0.008034693039557587
3.21,0.05620841430860922,2.9989613906048054,0.007728587674621557,0.0079179125557329
3.22,0.05561716983435634,2.998971074802907,0.007612966147104587,0.007802538962474047
3.23,0.0550333680049414,2.998980682131102,0.007498860044613944,0.007688574103762002
3.24,0.05445689686790923,2.998990212903956,0.007386266826710474,0.007576019030711122
3.25,0.05388764596877755,2.9989996674379853,0.007275183247901961,0.007464874028260321
3.2600000000000002,0.05332550634737503,2.9990090460518526,0.0071656053840336124,0.007355138641409848
3.27,0.05277037053352188,2.9990183490665405,0.007057528658175368,0.007246811701002535
3.2800000000000002,0.05222213254207839,2.99902757680551,0.006950947866006934,0.007139891349048741
3.29,0.05168068786738634,2.9990367295948377,0.006845857200701751,0.007034375063594552
3.3000000000000003,0.05114593347712783,2.999045807763339,0.006742250277311395,0.006930259683133141
3.31,0.05061776780562519,2.9990548116426727,0.006640120156652241,0.00682754143055948
3.3200000000000003,0.0500960907466057,2.9990637415674315,0.006539459368696425,0.006726215936668944
3.33,0.049580803645453794,2.9990725978752177,0.006440259935469473,0.006626278263200589
3.34,0.04907180929097344,2.999081380906704,0.006342513393457167,0.006527722925426226
3.35,0.04856901190668245,2.9990900910056815,0.006246210815524498,0.0064305439142866225
3.36,0.04807231714166031,2.9990987285190966,0.006151342832349759,0.006334734718076485
3.37,0.047581632060970526,2.9991072937970737,0.0060578996533770645,0.0062402883436800715
3.38,0.047096865135677936,2.9991157871929275,0.005965871087290793,0.006147197337359553
3.39,0.04661792623248111,2.999124209063165,0.0058752465620156465,0.006055453805098473
3.4,0.046144726602979344,2.9991325597674785,0.005786015144246208,0.005965049432502854
3.41,0.045677178872593434,2.999140839668726,0.005698165558510063,0.00587597550426272
3.42,0.04521519702915878,2.9991490491329067,0.0056116862057687174,0.005788222923177005
3.43,0.04475869641120909,2.9991571885291264,0.005526565181560714,0.005701782228745003
3.44,0.04430759369596841,2.999165258229555,0.005442790293691482,0.005616643615327693
3.45,0.0438618068870687,2.999173258609378,0.005360349079474628,0.005532796949882461
3.46,0.04342125530200989,2.9991811900467384,0.005279228822529478,0.005450231789274873
3.47,0.04298585955937876,2.999189052922679,0.005199416569139841,0.005368937397171333
3.48,0.04255554156584265,2.9991968476210706,0.005120899144179046,0.005288902760516604
3.49,0.04213022450293354,2.999204574528542,0.005043663166606449,0.005210116605600295
3.5,0.04170983281363758,2.999212234034401,0.004967695064540684,0.005132567413716542
3.5100000000000002,0.04129429218880487,2.9992198265305543,0.004892981089915046,0.005056243436421279
3.52,0.04088352955339365,2.9992273524114195,0.0048195073327204655,0.004981132710391528
3.5300000000000002,0.04047747305256291,2.9992348120738375,0.004747259734841621,0.00490722307189133
3.54,0.04007605203762683,2.99924220591698,0.004676224103491822,0.00483450217084898
3.5500000000000003,0.03967919705188415,2.9992495343422543,0.004606386124252339,0.004762957484550346
3.56,0.03928683981633517,2.9992567977532048,0.00453773137372193,0.004692576330953134
3.5700000000000003,0.03889891321529876,2.9992639965554138,0.004470245331782379,0.004623345881627042
3.58,0.038515351281941175,2.9992711311563998,0.004403913393485885,0.004555253174324817
3.59,0.03813608918372839,2.9992782019655144,0.004338720880570202,0.004488285125189294
3.6,0.037761063207813056,2.999285209393838,0.004274653052607456,0.004422428540601563
3.61,0.03739021074636695,2.9992921538540727,0.004211695117792612,0.004357670128675465
3.62,0.0370234702818694,2.999299035760439,0.004149832243377558,0.004293996510403658
3.63,0.036660781372361846,2.999305855528567,0.004089049565756839,0.004231394230460543
3.64,0.036302084636678264,2.999312613575389,0.004029332200211045,0.004169849767667392
3.65,0.035947321739660976,2.9993193103190334,0.003970665250313896,0.004109349545125029
3.66,0.035596435377370936,2.9993259461787174,0.003913033817009069,0.004049879940019465
3.67,0.03524936926230131,2.99933252157464,0.0038564230073627943,0.003991427293105895
3.68,0.03490606810860283,2.9993390369278754,0.0038008179429982847,0.003933977917876499
3.69,0.03456647761732907,2.999345492660268,0.003746203768218007,0.003877518109417495
3.7,0.034230544461709575,2.999351889194327,0.003692565657819836,0.0038220341529609037
3.71,0.033898216272458336,2.9993582269531216,0.0036398888246130918,0.003767512332136487
3.72,0.03356944162312489,2.99936450636018,0.0035881585266404514,0.003713938936929336
3.73,0.03324417001549508,2.999370727839385,0.003537360074111707,0.003661300271348571
3.74,0.03292235186504814,2.999376891814875,0.00348747883605531,0.0036095826608126113
3.75,0.032603938486476504,2.9993829987109453,0.0034385002466936214,0.0035587724592564753
3.7600000000000002,0.03228888207927454,2.999389048951948,0.003390409811547749,0.0035088560559665407
3.77,0.03197713571340208,2.999395042962199,0.003343193113277828,0.003459819882148195
3.7800000000000002,0.0316686533150283,2.99940098116588,0.003296835817264551,0.0034116504172317774
3.79,0.03136338965236153,2.999406863986949,0.0032513236769377268,0.003364334194922197
3.8000000000000003,0.031061300321569837,2.9994126918490465,0.003206642538857602,0.003317857808997582
3.81,0.03076234173279751,2.9994184651754074,0.0031627783475546263,0.0032722079188622923
3.8200000000000003,0.030466471096281967,2.9994241843887735,0.0031197171501333074,0.0032273712548595945
3.83,0.030173646408575547,2.999429849911308,0.0030774451006457463,0.0031833346233492627
3.84,0.029883826438876354,2.999435462164512,0.0030359484642403954,0.003140084911555342
3.85,0.02959697071547217,2.9994410215691425,0.0029952136210915237,0.0030976090921892635
3.86,0.02931303951230116,2.9994465285451337,0.002955227070114827,0.0030558942278534657
3.87,0.029031993835632906,2.999451983511518,0.002915975432474555,0.0030149274752306362
3.88,0.028753795410873185,2.9994573868863528,0.002877445454887482,0.002974696089063639
3.89,0.028478406669495564,2.999462739086644,0.0028396240127289704,0.0029351874259311525
3.9,0.02820579073610281,2.9994680405282788,0.002802498112946335,0.0028963889478239887
3.91,0.02793591141562087,2.9994732916259514,0.002766054896784639,0.002858288225527026
3.92,0.027668733180628007,2.999478492793101,0.0027302816423299945,0.0028208729418116234
3.93,0.027404221158821514,2.9994836444418422,0.002695165766875379,0.002784130894443346
3.94,0.027142341120624195,2.9994887469829057,0.0026606948291139076,0.0027480499990097627
3.95,0.026883059466932733,2.999493800825575,0.0026268565311644374,0.0027126182915730404
3.96,0.026626343217009813,2.999498806377628,0.002593638720434314,0.002677823931151986
3.97,0.026372159996521757,2.99950376404528,0.0025610293913239978,0.0026436552020381384
3.98,0.02612047802572324,2.9995086742331307,0.0025290166867782474,0.0026101005159504588
3.99,0.025871266107790565,2.999513537344108,0.0024975888996884533,0.002577148414033097
4.0,0.02562449361730476,2.9995183537794206,0.002466734474150661,0.00254478756870066
4.01,0.02538013048888565,2.999523123938506,0.0024364420065837414,0.002513006785335351
4.0200000000000005,0.02513814720597796,2.9995278482189867,0.0024067002467121,0.0024817950038402703
4.03,0.024898514789790275,2.9995325270166227,0.0023774980984172423,0.0024511413000531277
4.04,0.024661204788387684,2.999537160725269,0.002348824620462444,0.002421034887024539
4.05,0.0244261892659387,2.9995417497368355,0.0023206690270946993,0.0023914651161650196
4.0600000000000005,0.024193440792116976,2.9995462944412457,0.0022930206885280547,0.002362421478264724
4.07,0.023962932431658243,2.9995507952264004,0.0022658691313123505,0.0023338936043899214
4.08,0.023734637734072733,2.999555252478141,0.002239204038591341,0.002305871266660127
4.09,0.023508530723513287,2.999559666580216,0.0022130152502540684,0.002278344378909738
4.1,0.023284585888799232,2.999564037914248,0.0021872927629833123,0.0022513029972379794
4.11,0.023062778173595984,2.9995683668597026,0.002162026730204852,0.0022247373204508725
4.12,0.02284308296675029,2.9995726537938605,0.002137207461941215,0.002198637690398897
4.13,0.022625476092780886,2.9995768990917884,0.0021128254245735083,0.0021729945922139373
4.14,0.022409933802524252,2.999581103126314,0.002088871240514862,0.002147798654449043
4.15,0.02219643276393514,2.9995852662680016,0.002065335687798932,0.0021230406491244713
4.16,0.02198495005304135,2.999589388885127,0.002042209699586862,0.0020987114916834106
4.17,0.021775463145052232,2.999593471343659,0.0020194843635959994,0.0020748022408607174
4.18,0.021567949905620318,2.999597514007238,0.0019971509214536266,0.002051304098467939
4.19,0.02136238858225534,2.999601517237156,0.001975200767978866,0.0020282084090978247
4.2,0.021158757795889938,2.9996054813923405,0.001953625450395877,0.002005506659751467
4.21,0.020957036532596167,2.999609406829338,0.0019324166674813661,0.0019831904793911493
4.22,0.020757204135451967,2.9996132939023004,0.0019115662686493896,0.001961251638421908
4.23,0.0205592402965566,2.9996171429629683,0.001891066252976339,0.0019396820481047642
4.24,0.020363125049194096,2.9996209543606622,0.0018709087681689452,0.0019184737599045034
4.25,0.020168838760143568,2.999624728442269,0.0018510861094780658,0.0018976189647748295
4.26,0.01997636212213538,2.9996284655522323,0.0018315907185609515,0.0018771099923836495
4.2700000000000005,0.019785676146451915,2.999632166032544,0.001812415182294629,0.0018569393102811898
4.28,0.019596762155671802,2.999635830222735,0.0017935522315429653,0.0018370995230135776
4.29,0.019409601776556273,2.999639458459871,0.001774994739879919,0.0018175833711844632
4.3,0.019224176933076424,2.9996430510785435,0.0017567357222714206,0.0017983837304671973
4.3100000000000005,0.019040469839580007,2.999646608410867,0.0017387683337182563,0.001779493610570019
4.32,0.018858462994096367,2.999650130786473,0.0017210858678622753,0.0017609061541566484
4.33,0.01867813917177815,2.9996536185325104,0.0017036817555581725,0.0017426146357246194
4.34,0.018499481418478316,2.9996570719736395,0.001686549563413041,0.001724612460443633
4.3500000000000005,0.018322473044460986,2.999660491432033,0.00166968299229583,0.0017068931629561494
4.36,0.018147097618244623,2.9996638772273734,0.001653075875818783,0.0016894504061423829
4.37,0.017973338960576044,2.9996672296768563,0.0016367221787928713,0.0016722779798518089
4.38,0.017801181138533663,2.999670549095189,0.0016206159956591872,0.0016553697996032298
4.39,0.017630608459758435,2.9996738357945922,0.0016047515488981944,0.001638719905255403
4.4,0.017461605466810883,2.999677090084804,0.0015891231874186887,0.0016223224596501663
4.41,0.017294156931652604,2.999680312273082,0.0015737253849282557,0.0016061717472299552
4.42,0.017128247850250605,2.9996835026642077,0.0015585527382869708,0.001590262172631546
4.43,0.016963863437302863,2.999686661560489,0.001543599965846019,0.0015745882592578075
4.44,0.01680098912108338,2.9996897892617684,0.0015288619057728739,0.0015591446478291947
4.45,0.016639610538405146,2.9996928860654255,0.001514333514364613,0.001543926094916668
4.46,0.016479713529699232,2.9996959522663853,0.001500009864350902,0.0015289274714576672
4.47,0.016321284134208424,2.999698988157124,0.0014858861431881261,0.001514143761256725
4.48,0.016164308585293594,2.9997019940276766,0.001471957651346105,0.0014995700594722537
4.49,0.016008773305851178,2.9997049701656433,0.0014582198005887684,0.0014852015710909918
4.5,0.015854664903840004,2.999707916856199,0.0014446681122501344,0.001471033609391552
4.51,0.01570197016791578,2.9997108343821015,0.0014312982155068764,0.0014570615943984636
4.5200000000000005,0.015550676063171514,2.999713723023701,0.001418105845648725,0.001443281051328056
4.53,0.015400769726982129,2.9997165830589485,0.0014050868423479042,0.0014296876090274923
4.54,0.01525223846495159,2.999719414763406,0.001392237147928756,0.0014162769984082083
4.55,0.015105069746960794,2.999722218410257,0.0013795528056386693,0.0014030450508749777
4.5600000000000005,0.014959251203314509,2.9997249942703172,0.001367029957921381,0.0013899876967517779
4.57,0.014814770620985664,2.9997277426120443,0.0013546648446936783,0.001377100963705589
4.58,0.014671615939955262,2.99973046370155,0.0013424538016264947,0.001364380975169222
4.59,0.014529775249646227,2.999733157802612,0.0013303932584313443,0.0013518239487642259
4.6000000000000005,0.014389236785449469,2.999735825176684,0.0013184797371530083,0.0013394261947248921
4.61,0.014249988925340492,2.9997384660829107,0.0013067098504693452,0.0013271841143243283
4.62,0.014112020186584842,2.999741080778137,0.0012950802999990587,0.001315094198303543
4.63,0.013975319222530747,2.9997436695169215,0.0012835878746182256,0.0013031530253044407
4.64,0.01383987481948724,2.999746232551551,0.0012722294487863442,0.0012913572603075942
4.65,0.013705675893686155,2.999748770132051,0.0012610019808826335,0.0012797036530756251
4.66,0.013572711488326313,2.9997512825062,0.0012499025115532793,0.001268189036602986
4.67,0.013440970770698281,2.9997537699195433,0.0012389281620702873,0.001256810325572908
4.68,0.013310443029388086,2.9997562326154066,0.001228076132702574,0.001245564514822245
4.69,0.013181117671558249,2.999758670834908,0.0012173437010998944,0.0012344486778149057
4.7,0.013052984220304575,2.999761084816974,0.0012067282206901714,0.0012234599651245448
4.71,0.012926032312087084,2.9997634747983524,0.0011962271190907683,0.001212595602927144
4.72,0.01280025169423354,2.9997658410136268,0.0011858378965342081,0.0012018528915040884
4.73,0.012675632222514008,2.9997681836952306,0.0011755581243088238,0.0011912292037563133
4.74,0.012552163858784897,2.999770503073462,0.0011653854432147883,0.0011807219837300673
4.75,0.012429836668700983,2.999772799376497,0.0011553175620359515,0.0011703287451548115
4.76,0.012308640819493889,2.9997750728304062,0.0011453522560278815,0.001160047069993743
4.7700000000000005,0.012188566577815526,2.999777323659168,0.0011354873654224836,0.0011498746070074096
4.78,0.012069604307645046,2.9997795520846826,0.0011257207939495471,0.0011398090703308539
4.79,0.011951744468257813,2.9997817583267894,0.001116050507375541,0.0011298482380646994
4.8,0.011834977612254986,2.9997839426032797,0.0011064745320599615,0.0011199899508805666
4.8100000000000005,0.011719294383652271,2.9997861051299117,0.0010969909535295081,0.001110232110641186
4.82,0.011604685516026437,2.9997882461204273,0.0010875979150703453,0.001100572679035548
4.83,0.011491141830718223,2.9997903657865645,0.0010782936163386814,0.0010910096762294086
4.84,0.011378654235090262,2.999792464338075,0.0010690763119898807,0.0010815411795314475
4.8500000000000005,0.011267213720838656,2.999794541982737,0.0010599443103263,0.0010721653220753555
4.86,0.011156811362356902,2.9997965989263724,0.0010508959719640234,0.001062880291518104
4.87,0.011047438315150827,2.9997986353728603,0.001041929708518651,0.0010536843287546316
4.88,0.01093908581430326,2.999800651524153,0.0010330439813102748,0.0010445757266491645
4.89,0.010831745172987154,2.9998026475802906,0.0010242373000877642,0.0010355528287833624
4.9,0.010725407781025917,2.9998046237394167,0.001015508221772458,0.0010266140282214717
4.91,0.010620065103499695,2.999806580197793,0.0010068553492213498,0.0010177577662926435
4.92,0.01051570867939642,2.999808517149815,0.000998277330009834,0.0010089825313905584
4.93,0.010412330120306401,2.9998104347880252,0.0009897728552340675,0.0010002868577904842
4.94,0.010309921109159296,2.999812333303132,0.0009813406583329808,0.0009916693244838768
4.95,0.010208473399002297,2.999814212884021,0.0009729795139299664,0.0009831285540306146
4.96,0.010107978811818411,2.999816073717771,0.0009646882366942507,0.0009746632114289503
4.97,0.010008429237383688,2.9998179159896705,0.0009564656802219475,0.0009662720030032377
4.98,0.009909816632162328,2.9998197398832307,0.0009483107359367759,0.0009579536753094886
4.99,0.009812133018238564,2.9998215455802018,0.0009402223320104118,0.0009497070140587917
5.0,0.009715370482284283,2.999823333260587,0.0009321994323024352,0.0009415308430586201
5.01,0.009619521174561317,2.9998251031026575,0.0009242410353198167,0.0009334240231720336
5.0200000000000005,0.009524577307957423,2.999826855282968,0.0009163461731958836,0.0009253854512947776
5.03,0.009430531157054903,2.9998285899763704,0.0009085139106886878,0.0009174140593502619
5.04,0.009337375057230929,2.999830307356028,0.0009007433441986945,0.0009095088133023959
5.05,0.009245101403788569,2.9998320075934326,0.0008930336008056957,0.0009016687121862436
5.0600000000000005,0.009153702651117607,2.999833690858416,0.0008853838373248462,0.0008938927871564521
5.07,0.0090631713118842,2.9998353573191667,0.0008777932393817104,0.0008861801005533973
5.08,0.008973499956248483,2.9998370071422436,0.0008702610205061992,0.00087852974498698
5.09,0.008884681211109233,2.999838640492589,0.0008627864212452681,0.000870940842437998
5.1000000000000005,0.008796707759374727,2.999840257533546,0.0008553687082942426,0.00086341254337701
5.11,0.008709572339258927,2.9998418584268687,0.0008480071736466247,0.0008559440259005976
5.12,0.008623267743602179,2.9998434433327397,0.0008407011337622323,0.0008485344948849266
5.13,0.008537786819215598,2.9998450124097826,0.0008334499287535152,0.0008411831811564979
5.14,0.00845312246624836,2.999846565815077,0.0008262529215898826,0.0008338893406799729
5.15,0.00836926763757709,2.99984810370417,0.0008191094973198761,0.0008266522537629509
5.16,0.00828621533821663,2.999849626231094,0.0008120190623110115,0.0008194712242775688
5.17,0.008203958624751408,2.9998511335483755,0.0008049810435071124,0.0008123455788987893
5.18,0.008122490604786694,2.999852625807053,0.0007979948877029488,0.0008052746663592324
5.19,0.008041804436419041,2.999854103156689,0.0007910600608359943,0.0007982578567204075
5.2,0.007961893327725204,2.999855565745383,0.0007841760472951069,0.0007912945406601911
5.21,0.007882750536268877,2.9998570137197857,0.0007773423492459367,0.0007843841287763918
5.22,0.007804369368624583,2.9998584472251117,0.0007705584859728613,0.0007775260509062434
5.23,0.007726743179918067,2.9998598664051532,0.0007638239932372418,0.0007707197554616556
5.24,0.007649865373382576,2.9998612714022928,0.0007571384226517944,0.0007639647087800547
5.25,0.007573729399930417,2.9998626623575166,0.0007505013410708669,0.0007572603944906377
5.26,0.0074983287577391824,2.9998640394104283,0.0007439123299964052,0.0007506063128958608
5.2700000000000005,0.007423656991852082,2.99986540269926,0.0007373709849993977,0.0007440019803679825
5.28,0.007349707693791806,2.999866752360886,0.0007308769151565771,0.0007374469287604742
5.29,0.0072764745011873735,2.999868088530836,0.0007244297425021617,0.0007309407048341117
5.3,0.0072039510974134325,2.999869411343308,0.0007180291014944148,0.0007244828696975559
5.3100000000000005,0.007132131211241488,2.9998707209311792,0.000711674638496799,0.0007180729982622314
5.32,0.007061008616502557,2.9998720174260187,0.0007053660112735015,0.0007117106787113059
5.33,0.006990577131760761,2.9998733009581016,0.0006991028884991058,0.0007053955119825738
5.34,0.006920830619997366,2.9998745716564197,0.0006928849492821831,0.0006991271112650459
5.3500000000000005,0.006851762988304827,2.999875829648694,0.0006867118827025765,0.000692905101509043
5.36,0.006783368187590363,2.999877075061387,0.0006805833873621514,0.0006867291189495923
5.37,0.006715640212288649,2.9998783080197136,0.0006744991709487837,0.0006805988106429236
5.38,0.006648573100083178,2.9998795286476545,0.0006684589498133584,0.0006745138340158596
5.39,0.0065821609316359065,2.999880737067967,0.0006624624485595497,0.0006684738564278974
5.4,0.006516397830324754,2.9998819334021976,0.0006565093996461558,0.0006624785547457733
5.41,0.006451277961988607,2.9998831177706915,0.0006505995430017604,0.000656527614930305
5.42,0.006386795534679417,2.9998842902926066,0.0006447326256514931,0.0006506207316353059
5.43,0.006322944798421058,2.9998854510859236,0.0006389084013556634,0.0006447576078183628
5.44,0.006259720044974576,2.9998866002674576,0.0006331266302600399,0.0006389379543632708
5.45,0.0061971156076095,2.9998877379528683,0.0006273870785575527,0.0006331614897139184
5.46,0.006135125860880876,2.9998888642566732,0.0006216895181611917,0.0006274279395194163
5.47,0.006073745220411727,2.9998899792922566,0.0006160337263878794,0.0006217370362902632
5.48,0.006012968142680605,2.9998910831718817,0.0006104194856530953,0.0006160885190653429
5.49,0.005952789124813962,2.9998921760067008,0.000604846583176031,0.0006104821330895471
5.5,0.005893202704383047,2.9998932579067668,0.0005993148106950573,0.0006049176295018201
5.51,0.005834203459205043,2.9998943289810427,0.0005938239641932838,0.0005993947650334209
5.5200000000000005,0.005775786007148203,2.9998953893374134,0.0005883738436339958,0.0005939133017161993
5.53,0.005717945005940698,2.999896439082695,0.000582964252705753,0.0005884730066006862
5.54,0.00566067515298296,2.999897478322647,0.0005775949985769369,0.0005830736514837952
5.55,0.00560397118516326,2.9998985071619795,0.0005722658916595356,0.0005777150126459368
5.5600000000000005,0.005547827878676306,2.999899525704367,0.0005669767453819558,0.0005723968705973481
5.57,0.005492240048844642,2.999900534052455,0.0005617273759706559,0.0005671190098334388
5.58,0.005437202549942623,2.9999015323078733,0.0005565176022403932,0.0005618812185989611
5.59,0.005382710275022785,2.999902520571244,0.0005513472453928821,0.0005566832886608066
5.6000000000000005,0.005328758155744395,2.999903498942191,0.0005462161288236624,0.0005515250150892412
5.61,0.005275341162204015,2.999904467519351,0.0005411240779369779,0.0005464061960473846
5.62,0.0052224543027678825,2.999905426400383,0.0005360709199684683,0.0005413266325887477
5.63,0.005170092623905949,2.9999063756819764,0.0005310564838154805,0.0005362861284626399
5.64,0.005118251210027414,2.999907315459862,0.000526080599874806,0.0005312844899272618
5.65,0.00506692518331759,2.9999082458288218,0.0005211430998876549,0.0005263215255702998
5.66,0.005016109703575959,2.999909166882696,0.0005162438167916786,0.0005213970461368415
5.67,0.004965799968055269,2.9999100787143944,0.0005113825845798572,0.0005165108643644329
5.68,0.004915991211301544,2.9999109814159053,0.0005065592381660667,0.0005116627948251001
5.69,0.004866678704994876,2.9999118750783036,0.0005017736132571483,0.000506852653774161
5.7,0.004817857757790874,2.99991275979176,0.0004970255462313002,0.0005020802590056531
5.71,0.004769523715162658,2.99991363564555,0.0004923148740226187,0.0004973454297142077
5.72,0.004721671959243277,2.9999145027280636,0.00048764143401161417,0.0004926479863632027
5.73,0.00467429790866847,2.9999153611268126,0.0004830050639215335,0.00048798775055902525
5.74,0.004627397018419642,2.99991621092844,0.00047840560172032103,0.00048336454493128327
5.75,0.004580964779666982,2.9999170522187284,0.00047384288552805386,0.00047877819301880245
5.76,0.00453499671961263,2.999917885082609,0.00046931675352968874,0.0004742285191612498
5.7700000000000005,0.004489488401333808,2.999918709604169,0.0004648270438929619,0.00046971534839622685
5.78,0.004444435423625836,2.99991952586666,0.00046037359469128523,0.00046523850636167815
5.79,0.004399833420844967,2.9999203339525082,0.0004559562438314837,0.000460797819203462
5.8,0.004355678062750964,2.999921133943319,0.0004515748289862242,0.0004563931134879346
5.8100000000000005,0.004311965054349363,2.9999219259198884,0.00044722918753098596,0.0004520242161193991
5.82,0.004268690135733356,2.999922709962209,0.00044291915648542673,0.0004476909542622755
5.83,0.00422584908192525,2.9999234861494797,0.00043864457245900215,0.00044339315526784794
5.84,0.00418343770271743,2.9999242545601112,0.0004344052716006964,0.0004391306466054492
5.8500000000000005,0.004141451842512809,2.9999250152717356,0.00043020108955272717,0.0004349032557979452
5.86,0.004099887380164691,2.9999257683612135,0.00042603186140808847,0.0004307108103613837
5.87,0.004058740228816039,2.999926513904642,0.00042189742167180014,0.00042655313774867367
5.88,0.004018006335738075,2.9999272519773608,0.00041779760422573203,0.00042243006529716585
5.89,0.003977681682168221,2.999927982653962,0.0004137322422968769,0.00041834142018000556
5.9,0.00393776228314732,2.999928706008296,0.00040970116842894603,0.0004142870293611323
5.91,0.0038982441873561258,2.9999294221134787,0.0004057042144571664,0.0004102667195538025
5.92,0.0038591234769510376,2.9999301310418995,0.0004017412114861584,0.00040628031718251524
5.93,0.003820396267399058,2.9999308328652283,0.00039781198987077804,0.0004023276483482213
5.94,0.0037820587073119586,2.999931527654422,0.0003939163791998082,0.00039840853879670045
5.95,0.003744106978279639,2.999932215479733,0.00039005420828238735,0.00039452281388999215
5.96,0.003706537294702666,2.999932896410714,0.0003862253051370662,0.00039067029858076913
5.97,0.0036693459036239912,2.999933570516227,0.00038242949698338434,0.00038685081738954396
5.98,0.003632529084559829,2.999934237864449,0.0003786666102358635,0.00038306419438460234
5.99,0.003596083149329702,2.9999348985228793,0.00037493647050031387,0.00037931025316455854
6.0,0.0035600044418856477,2.999935552558346,0.00037123890257235466,0.00037558881684343035
6.01,0.0035242893381405827,2.999936200037012,0.0003675737304380513,0.00037189970803813417
6.0200000000000005,0.0034889342457958363,2.9999368410243825,0.0003639407772765736,0.0003682427488583024
6.03,0.003453935604167848,2.999937475585312,0.0003603398654647832,0.00036461776089832766
6.04,0.003419289884014042,2.9999381037840096,0.0003567708165836589,0.00036102456523154017
6.05,0.003384993587357881,2.999938725684045,0.0003532334514264723,0.0003574629824064285
6.0600000000000005,0.0033510432473131163,2.9999393413483566,0.0003497275900086284,0.00035393283244481333
6.07,0.0033174354279072384,2.9999399508392557,0.0003462530515790862,0.0003504339348418886
6.08,0.003284166723904142,2.999940554218435,0.00034280965463327897,0.0003469661085680451
6.09,0.0032512337606260258,2.999941151546973,0.0003393972169274551,0.0003435291720723939
6.1000000000000005,0.0032186331937745323,2.99994174288534,0.0003360155554943613,0.00034012294328790937
6.11,0.0031863617092511534,2.9999423282934057,0.0003326644866601946,0.0003367472396381137
6.12,0.003154416022976917,2.9999429078304436,0.00032934382606274903,0.00033340187804522614
6.13,0.00312279288071137,2.9999434815551376,0.000326053388670687,0.00033008667493970287
6.140000000000001,0.0030914890578708828,2.999944049525588,0.00032279298880386634,0.0003268014462710953
6.15,0.003060501359346296,2.9999446117993163,0.00031956244015465617,0.0003235460075201564
6.16,0.003029826619319927,2.9999451684332725,0.0003163615558101766,0.00032032017371212625
6.17,0.0029994617010819665,2.999945719483839,0.00031319014827539975,0.00031712375943113093
6.18,0.0029694034968462796,2.9999462650068383,0.0003100480294970507,0.00031395657883562933
6.19,0.0029396489275656476,2.999946805057536,0.0003069350108882498,0.00031081844567484564
6.2,0.0029101949427464647,2.999947339690649,0.00030385090335383855,0.00030770917330612626
6.21,0.0028810385202629233,2.9999478689603487,0.0003007955173163335,0.0003046285747131618
6.22,0.002852176666170709,2.9999483929202677,0.00029776866274245533,0.000301576462525017
6.23,0.0028236064145202374,2.9999489116235045,0.00029477014917018025,0.0002985526490359124
6.24,0.002795324827169455,2.99994942512263,0.00029179978573626384,0.0002955569462257045
6.25,0.002767328993596236,2.9999499334696904,0.0002888573812041891,0.0002925891657810108
6.26,0.0027396160307104032,2.9999504367162153,0.00028594274399249133,0.0002896491191169307
6.2700000000000005,0.002712183082665398,2.9999509349132203,0.000283055682203415,0.0002867366173993111
6.28,0.002685027320669632,2.9999514281112134,0.00028019600365185857,0.0002838514715675116
6.29,0.00265814594279755,2.9999519163601995,0.00027736351589456555,0.0002809934923576212
6.3,0.00263153617380043,2.999952399709686,0.0002745580262595209,0.0002781624903260833
6.3100000000000005,0.002605195264916953,2.999952878208688,0.00027177934187551416,0.00027535827587368594
6.32,0.0025791204936835713,2.999953351905731,0.0002690272697018307,0.00027258065926987553
6.33,0.002553309163744705,2.999953820848858,0.00026630161655803643,0.00026982945067735445
6.34,0.002527758604662798,2.999954285085634,0.0002636021891538197,0.0002671044601769239
6.3500000000000005,0.00250246617172826,2.9999547446631505,0.00026092879411885813,0.00026440549779253457
6.36,0.00247742924576933,2.9999551996280287,0.0002582812380326776,0.00026173237351650964
6.37,0.002452645232961884,2.999955650026427,0.00025565932745447325,0.0002590848973349057
6.38,0.0024281115646392244,2.9999560959040426,0.0002530628689528622,0.000256462879252978
6.390000000000001,0.0024038256971018754,2.999956537306119,0.00025049166913554123,0.00025386612932071874
6.4,0.0023797851114274143,2.9999569742774486,0.00024794553467882076,0.0002512944576584374
6.41,0.002355987313280374,2.9999574068623764,0.0002454242723570108,0.00024874767448235377
6.42,0.0023324298327222362,2.999957835104807,0.00024292768907163356,0.0002462255901301756
6.43,0.002309110224021556,2.999958259048207,0.0002404555918804393,0.00024372801508663398
6.44,0.0022860260654642356,2.99995867873561,0.00023800778802620341,0.00024125476000894994
6.45,0.002263174959163983,2.9999590942096206,0.0002355840849652834,0.00023880563575220856
6.46,0.0022405545308729837,2.99995950551242,0.00023318429039591537,0.0002363804533946159
6.47,0.00221816242979281,2.999959912685768,0.00023080821228623106,0.0002339790242626169
6.48,0.002195996328385598,2.9999603157710077,0.00022845565890197746,0.0002316011599558522
6.49,0.002174053922185521,2.999960714809072,0.00022612643883392135,0.00022924667237193377
6.5,0.0021523329296105832,2.9999611098404846,0.00022382036102492318,0.00022691537373101942
6.51,0.0021308310917747646,2.999961500905365,0.00022153723479666462,0.00022460707660016787
6.5200000000000005,0.0021095461723005405,2.9999618880434338,0.00021927686987601537,0.00022232159391745676
6.53,0.0020884759571318024,2.999962271294015,0.00021703907642102614,0.00022005873901584662
6.54,0.0020676182543472085,2.9999626506960406,0.00021482366504653474,0.00021781832564677525
6.55,0.002046970893973985,2.999963026288055,0.00021263044684937367,0.00021560016800346748
6.5600000000000005,0.0020265317278022076,2.9999633981082177,0.0002104592334331682,0.00021340408074394616
6.57,0.002006298629199583,2.999963766194308,0.00020830983693271473,0.00021122987901373103
6.58,0.0019862694929267607,2.999964130583729,0.00020618207003792987,0.00020907737846821326
6.59,0.001966442234953191,2.9999644913135097,0.0002040757460173616,0.0002069463952946936
6.6000000000000005,0.0019468147922735615,2.9999648484203107,0.00020199067874125445,0.0002048367462340735
6.61,0.0019273851227248253,2.9999652019404266,0.0001999266827041615,0.00020274824860218863
6.62,0.0019081512048038526,2.9999655519097903,0.00019788357304709628,0.0002006807203107759
6.63,0.0018891110374857191,2.999965898363976,0.00019586116557921882,0.00019863397988806433
6.640000000000001,0.00187026264004266,2.9999662413382038,0.00019385927679905034,0.00019660784649898246
6.65,0.001851604051863705,2.999966580867341,0.00019187772391521184,0.00019460213996497423
6.66,0.0018331333322750168,2.9999669169859087,0.00018991632486668237,0.00019261668078341676
6.67,0.0018148485603609558,2.9999672497280825,0.00018797489834257333,0.00019065129014663368
6.68,0.001796747834785884,2.9999675791276976,0.00018605326380141587,0.0001887057899604984
6.69,0.0017788292736167352,2.9999679052182513,0.00018415124148995858,0.00018678000286262227
6.7,0.001761091014146362,2.9999682280329063,0.0001822686524614737,0.00018487375224012273
6.71,0.0017435312127176848,2.9999685476044955,0.00018040531859356997,0.00018298686224696827
6.72,0.001726148044548654,2.999968863965523,0.00017856106260551142,0.00018111915782089574
6.73,0.0017089397035580489,2.999969177148169,0.0001767357080750411,0.00017927046469989777
6.74,0.0016919044021921224,2.9999694871842926,0.00017492907945470995,0.00017744060943827739
6.75,0.0016750403712521155,2.9999697941054344,0.0001731410020877104,0.00017562941942226803
6.76,0.0016583458597226501,2.9999700979428208,0.00017137130222321615,0.0001738367228852172
6.7700000000000005,0.001641819134601021,2.999970398727366,0.00016961980703122833,0.00017206234892233266
6.78,0.0016254584807273962,2.999970696489676,0.0001678863446169302,0.0001703061275049904
6.79,0.001609262200615945,2.9999709912600507,0.0001661707440345513,0.00016856788949460422
6.8,0.0015932286142869034,2.9999712830684877,0.0001644728353007439,0.0001668474666560565
6.8100000000000005,0.0015773560590995911,2.9999715719446853,0.00016279244940747357,0.00016514469167069122
6.82,0.0015616428895863948,2.999971857918045,0.00016112941833442695,0.00016345939814886934
6.83,0.0015460874772877259,2.9999721410176745,0.0001594835750609395,0.00016179142064208803
6.84,0.0015306882105879686,2.999972421272391,0.00015785475357744656,0.00016014059465466513
6.8500000000000005,0.0015154434945524266,2.9999726987107236,0.00015624278889646146,0.0001585067566549905
6.86,0.0015003517507652794,2.9999729733609173,0.00015464751706308416,0.00015688974408634612
6.87,0.0014854114171685608,2.999973245250934,0.00015306877516504478,0.00015528939537729777
6.88,0.001470620947902167,2.9999735144084565,0.00015150640134228618,0.00015370554995166013
6.890000000000001,0.0014559788131449038,2.9999737808608913,0.00014996023479609,0.000152138048238039
6.9,0.0014414834989565832,2.9999740446353704,0.00014843011579775099,0.0001505867316789529
6.91,0.0014271335071211774,2.9999743057587556,0.0001469158856968045,0.00014905144273953802
6.92,0.0014129273549910368,2.99997456425764,0.0001454173869288123,0.0001475320249158396
6.93,0.0013988635753321814,2.9999748201583505,0.00014393446302271156,0.0001460283227426939
6.94,0.0013849407161706723,2.9999750734869512,0.00014246695860773323,0.00014454018180120446
6.95,0.001371157340640069,2.999975324269246,0.00014101471941989452,0.00014306744872581668
6.96,0.0013575120268299792,2.9999755725307806,0.00013957759230807164,0.00014160997121099553
6.97,0.001344003367635709,2.9999758182968455,0.00013815542523965864,0.00014016759801751034
6.98,0.0013306299706090155,2.9999760615924775,0.00013674806730581816,0.00013874017897833166
6.99,0.0013173904578099693,2.9999763024424646,0.00013535536872633027,0.00013732756500414486
7.0,0.0013042834656599308,2.9999765408713457,0.00013397718085404547,0.0001359296080884855
7.01,0.001291307644795645,2.999976776903415,0.00013261335617894833,0.00013454616131250137
7.0200000000000005,0.0012784616599244582,2.9999770105627244,0.0001312637483318378,0.00013317707884934657
7.03,0.0012657441896806595,2.9999772418730837,0.00012992821208763095,0.00013182221596821288
7.04,0.0012531539264829523,2.9999774708580658,0.00012860660336829648,0.00013048142903800377
7.05,0.001240689576393057,2.999977697541007,0.0001272987792454245,0.00012915457553065664
7.0600000000000005,0.0012283498589754467,2.9999779219450113,0.00012600459794243947,0.00012784151402411872
7.07,0.0012161335071582196,2.999978144092951,0.0001247239188364626,0.00012654210420498264
7.08,0.0012040392670951095,2.999978364007469,0.0001234566024598307,0.0001252562068707869
7.09,0.0011920658980286351,2.999978581710983,0.0001222025105012783,0.0001239836839319876
7.1000000000000005,0.0011802121721543885,2.9999787972256855,0.00012096150580678933,0.00012272439841360685
7.11,0.0011684768744864664,2.999979010573547,0.00011973345238012583,0.00012147821445656407
7.12,0.0011568588027240413,2.999979221776319,0.0001185182153830399,0.00012024499731869601
7.13,0.0011453567671190741,2.999979430855534,0.0001173156611351761,0.0001190246133754715
7.140000000000001,0.0011339695903451693,2.9999796378325105,0.00011612565711367099,0.00011781693012040706
7.15,0.001122696107367569,2.9999798427283526,0.00011494807195245658,0.00011662181616518929
7.16,0.0011115351653142875,2.999980045563954,0.00011378277544127466,0.00011543914123951026
7.17,0.0011004856233483866,2.9999802463599985,0.00011262963852440866,0.00011426877619062189
7.18,0.0010895463525413848,2.999980445136963,0.00011148853329913998,0.00011311059298261556
7.19,0.0010787162357478054,2.9999806419151205,0.00011035933301393539,0.00011196446469543289
7.2,0.0010679941674808574,2.9999808367145397,0.00010924191206637244,0.00011083026552361404
7.21,0.001057379053789248,2.999981029555089,0.00010813614600080949,0.0001097078707747894
7.22,0.0010468698121351254,2.999981220456438,0.00010704191150580705,0.000108597156867921
7.23,0.001036465371273147,2.999981409438059,0.00010595908641130713,0.00010749800133129951
7.24,0.001026164671130674,2.99998159651923,0.00010488754968557709,0.00010641028280030316
7.25,0.0010159666626890832,2.9999817817190353,0.00010382718143192483,0.00010533388101492437
7.26,0.0010058703078661998,2.999981965056368,0.00010277786288519149,0.00010426867681707038
7.2700000000000005,0.0009958745793998424,2.9999821465499332,0.00010173947640802839,0.00010321455214764361
7.28,0.0009859784607324782,2.9999823262182472,0.00010071190548696455,0.00010217139004340803
7.29,0.0009761809458969844,2.9999825040796417,9.969503472827105e-05,0.0001011390746336472
7.3,0.0009664810394035127,2.9999826801522644,9.868874985362882e-05,0.00010011749113662
7.3100000000000005,0.0009568777561274502,2.9999828544540814,9.769293769560564e-05,9.910652585581996e-05
7.32,0.0009473701211984742,2.9999830270028793,9.67074861929491e-05,9.810606617604389e-05
7.33,0.0009379571698906953,2.999983197816266,9.57322843857011e-05,9.711600055927564e-05
7.34,0.0009286379475138838,2.9999833669116724,9.476722241014035e-05,9.613621854039069e-05
7.3500000000000005,0.000919411509305775,2.9999835343063563,9.381219149355851e-05,9.516661072268723e-05
7.36,0.0009102769203254476,2.9999837000174012,9.286708394887617e-05,9.420706877324937e-05
7.37,0.0009012332553477697,2.9999838640617202,9.193179316910434e-05,9.325748541814798e-05
7.38,0.0008922795987589076,2.999984026456057,9.100621362165715e-05,9.231775443748474e-05
7.390000000000001,0.0008834150444528912,2.999984187216987,9.009024084252167e-05,9.138777066028466e-05
7.4,0.0008746386957292296,2.99998434636092,8.918377143029016e-05,9.046742995924273e-05
7.41,0.0008659496651915729,2.9999845039041007,8.828670304006058e-05,8.955662924532968e-05
7.42,0.0008573470746474116,2.9999846598626116,8.739893437721048e-05,8.865526646226234e-05
7.43,0.000848830055008809,2.9999848142523744,8.652036519104997e-05,8.776324058084369e-05
7.44,0.0008403977461941606,2.99998496708915,8.565089626835875e-05,8.688045159317766e-05
7.45,0.0008320492970309723,2.999985118388542,8.479042942681254e-05,8.600680050676373e-05
7.46,0.0008237838651596527,2.999985268165998,8.393886750830412e-05,8.514218933847649e-05
7.47,0.0008156006169383119,2.9999854164368096,8.309611437216374e-05,8.428652110843464e-05
7.48,0.0008074987273485602,2.999985563216116,8.226207488828411e-05,8.343969983376474e-05
7.49,0.0007994773799023001,2.999985708518905,8.143665493015465e-05,8.260163052226403e-05
7.5,0.0007915357665495043,2.999985852360013,8.061976136780987e-05,8.177221916596733e-05
7.51,0.0007836730875869733,2.9999859947541285,7.981130206069654e-05,8.095137273462232e-05
7.5200000000000005,0.0007758885515680645,2.9999861357157926,7.901118585046415e-05,8.013899916907798e-05
7.53,0.0007681813752133874,2.9999862752594,7.821932255368337e-05,7.933500737459047e-05
7.54,0.0007605507833224552,2.999986413399202,7.743562295449671e-05,7.853930721405084e-05
7.55,0.0007529960086862879,2.999986550149306,7.665999879720592e-05,7.775180950113895e-05
7.5600000000000005,0.0007455162920009585,2.9999866855236785,7.589236277880019e-05,7.697242599340767e-05
7.57,0.000738110881782074,2.999986819536146,7.513262854142942e-05,7.62010693853016e-05
7.58,0.0007307790342801863,2.999986952200396,7.438071066482664e-05,7.543765330111435e-05
7.59,0.0007235200133971221,2.9999870835299793,7.363652465868352e-05,7.468209228788827e-05
7.6000000000000005,0.0007163330906032273,2.99998721353831,7.289998695498285e-05,7.393430180826065e-05
7.61,0.0007092175448555165,2.999987342238668,7.21710149002919e-05,7.319419823326012e-05
7.62,0.000702172662516721,2.9999874696442004,7.144952674802026e-05,7.246169883505704e-05
7.63,0.000695197737275226,2.9999875957679216,7.073544165064592e-05,7.173672177967144e-05
7.640000000000001,0.0006882920700658923,2.9999877206227157,7.002867965191305e-05,7.101918611964227e-05
7.65,0.0006814549689917509,2.999987844221338,6.932916167900497e-05,7.030901178666132e-05
7.66,0.0006746857492465669,2.9999879665764158,6.863680953469579e-05,6.960611958417521e-05
7.67,0.0006679837330382607,2.999988087700449,6.795154588948384e-05,6.891043117995901e-05
7.68,0.0006613482495131825,2.9999882076058126,6.727329427371036e-05,6.822186909866445e-05
7.69,0.0006547786346812305,2.9999883263047575,6.660197906966624e-05,6.754035671434622e-05
7.7,0.0006482742313418039,2.9999884438094115,6.59375255036903e-05,6.686581824296923e-05
7.71,0.000641834389010586,2.9999885601317806,6.527985963826167e-05,6.619817873490004e-05
7.72,0.0006354584638471463,2.9999886752837504,6.462890836408938e-05,6.553736406738534e-05
7.73,0.0006291458185833564,2.9999887892770873,6.398459939220204e-05,6.488330093702038e-05
7.74,0.0006228958224526093,2.99998890212344,6.334686124604009e-05,6.423591685221017e-05
7.75,0.0006167078511198378,2.9999890138343392,6.271562325355353e-05,6.359514012562629e-05
7.76,0.00061058128661232,2.999989124421201,6.209081553930756e-05,6.29608998666617e-05
7.7700000000000005,0.000604515517251268,2.9999892338953265,6.147236901659871e-05,6.233312597388654e-05
7.78,0.0005985099375841887,2.999989342267903,6.086021537958383e-05,6.171174912750708e-05
7.79,0.0005925639483180121,2.9999894495500063,6.0254287095424294e-05,6.109670078183049e-05
7.8,0.0005866769562529765,2.9999895557526,5.965451739644783e-05,6.04879131577378e-05
7.8100000000000005,0.0005808483742172649,2.9999896608865386,5.906084027232994e-05,5.988531923516722e-05
7.82,0.0005750776210023839,2.999989764962567,5.8473190462297274e-05,5.9288852745610194e-05
7.83,0.0005693641212992768,2.999989867991322,5.7891503447354896e-05,5.869844816462236e-05
7.84,0.0005637073056351659,2.9999899699833352,5.731571544253948e-05,5.811404070435145e-05
7.8500000000000005,0.0005581066103111129,2.9999900709490306,5.674576338920033e-05,5.7535566306084204e-05
7.86,0.0005525614773402921,2.9999901708987284,5.618158494731016e-05,5.696296163281435e-05
7.87,0.000547071354386968,2.9999902698426455,5.562311848780731e-05,5.639616406183339e-05
7.88,0.00054163569470617,2.999990367790895,5.507030308497122e-05,5.583511167734625e-05
7.890000000000001,0.0005362539570840566,2.99999046475349,5.452307850883279e-05,5.527974326311341e-05
7.9,0.0005309256057789616,2.9999905607403416,5.398138521762122e-05,5.472999829512129e-05
7.91,0.0005256501104631147,2.9999906557612626,5.344516435024888e-05,5.418581693428262e-05
7.92,0.0005204269461650294,2.9999907498259666,5.2914357718835654e-05,5.3647140019168294e-05
7.930000000000001,0.0005152555932125511,2.9999908429440696,5.238890780127423e-05,5.311390905877227e-05
7.94,0.0005101355371765567,2.9999909351250915,5.1868757733837635e-05,5.2586066225311125e-05
7.95,0.0005050662688153006,2.999991026378456,5.135385130383034e-05,5.206355434705945e-05
7.96,0.000500047284019398,2.9999911167134927,5.084413294228418e-05,5.1546316901222736e-05
7.97,0.0004950780837574391,2.999991206139437,5.033954771670022e-05,5.103429800684882e-05
7.98,0.0004901581740222267,2.999991294665432,4.984004132383784e-05,5.052744241777931e-05
7.99,0.00048528706577763127,2.999991382300529,4.93455600825519e-05,5.002569551564215e-05
8.0,0.00048046427490605425,2.999991469053688,4.8856050926679196e-05,4.952900330288643e-05
8.01,0.000475689322156495,2.999991554933779,4.8371461397975106e-05,4.90373123958606e-05
8.02,0.0004709617330932126,2.999991639949583,4.7891739639101315e-05,4.8550570017935205e-05
8.03,0.00046628103804497654,2.999991724109793,4.741683438666554e-05,4.8068723992670924e-05
8.040000000000001,0.0004616467720548994,2.9999918074230147,4.6946694964314084e-05,4.759172273703313e-05
8.05,0.0004570584748308442,2.9999918898977667,4.648127127587793e-05,4.711951525465369e-05
8.06,0.0004525156906964005,2.999991971542483,4.602051379857321e-05,4.665205112914098e-05
8.07,0.00044801796854242155,2.999992052365512,4.556437357625659e-05,4.618928051743884e-05
8.08,0.000443564861779117,2.999992132375119,4.5112802212736375e-05,4.573115414323529e-05
8.09,0.0004391559282886936,2.9999922115794857,4.46657518651398e-05,4.527762329042175e-05
8.1,0.00043479073037853776,2.9999922899867113,4.4223175237337126e-05,4.4828639796603384e-05
8.11,0.00043046883473493415,2.999992367604815,4.3785025573423026e-05,4.438415604666125e-05
8.120000000000001,0.0004261898123773124,2.9999924444417334,4.335125665125579e-05,4.394412496636689e-05
8.13,0.000421953238613017,2.9999925205053253,4.2921822776054676e-05,4.3508500016049836e-05
8.14,0.0004177586929925938,2.9999925958033695,4.249667877405594e-05,4.307723518431861e-05
8.15,0.000413605759265586,2.999992670343567,4.2075779986227766e-05,4.2650284981835696e-05
8.16,0.0004094940253368346,2.9999927441335412,4.165908226204456e-05,4.222760443514695e-05
8.17,0.00040542308322327666,2.9999928171808388,4.124654195332076e-05,4.180914908056577e-05
8.18,0.0004013925290112351,2.9999928894929306,4.083811590810448e-05,4.1394874958112524e-05
8.19,0.00039740196281419455,2.999992961077213,4.0433761464631276e-05,4.098473860550948e-05
8.2,0.0003934509887310572,2.9999930319410075,4.003343644533806e-05,4.05786970522316e-05
8.21,0.00038953921480487213,2.999993102091562,3.9637099150937494e-05,4.017670781361341e-05
8.22,0.0003856662529820333,2.9999931715360515,3.924470835455283e-05,3.977872888501229e-05
8.23,0.0003818317190719397,2.9999932402815794,3.8856223295913425e-05,3.938471873602828e-05
8.24,0.0003780352327071124,2.9999933083351777,3.8471603675610935e-05,3.8994636304780675e-05
8.25,0.0003742764173037625,2.999993375703807,3.80908096494162e-05,3.860844099224148e-05
8.26,0.0003705549000228047,2.9999934423943584,3.7713801822656905e-05,3.822609265662595e-05
8.27,0.00036687031173131084,2.9999935084136538,3.734054124465596e-05,3.784755160784019e-05
8.28,0.0003632222869643979,2.9999935737684464,3.6970989403230535e-05,3.747277860198597e-05
8.290000000000001,0.00035961046388754525,2.9999936384654218,3.6605108219251756e-05,3.710173483592279e-05
8.3,0.0003560344842593356,2.9999937025111976,3.624286004126491e-05,3.6734381941887186e-05
8.31,0.00035249399339461456,2.999993765912326,3.588420764017011e-05,3.637068198216924e-05
8.32,0.00034898864012806335,2.9999938286752923,3.5529114203963186e-05,3.6010597443846385e-05
8.33,0.00034551807677817985,2.999993890806518,3.517754333253678e-05,3.5654091233574265e-05
8.34,0.00034208195911166253,2.9999939523123578,3.482945903254138e-05,3.530112667243478e-05
8.35,0.00033867994630819244,2.999994013199105,3.448482571230613e-05,3.495166749084107e-05
8.36,0.00033531170092560833,2.9999940734729877,3.414360817681917e-05,3.460567782349935e-05
8.370000000000001,0.00033197688886546967,2.9999941331401727,3.380577162276734e-05,3.4263122204427554e-05
8.38,0.0003286751793390031,2.9999941922067643,3.347128163363496e-05,3.392396556203044e-05
8.39,0.000325406244833427,2.9999942506788053,3.314010417486135e-05,3.358817321423121e-05
8.4,0.00032216976107865043,2.999994308562278,3.2812205589056986e-05,3.325571086365927e-05
8.41,0.00031896540701434014,2.9999943658631043,3.2487552591277806e-05,3.292654459289401e-05
8.42,0.0003157928647573527,2.9999944225871467,3.216611226435745e-05,3.260064085976435e-05
8.43,0.0003126518195695261,2.9999944787402084,3.184785205429709e-05,3.227796649270382e-05
8.44,0.0003095419598258266,2.999994534328035,3.1532739765712516e-05,3.195848868616088e-05
8.45,0.0003064629769828465,2.9999945893563145,3.122074355733811e-05,3.1642174996064304e-05
8.46,0.00030341456554764827,2.9999946438306764,3.091183193758733e-05,3.132899333534319e-05
8.47,0.0003003964230469508,2.9999946977566943,3.060597376016935e-05,3.101891196950143e-05
8.48,0.0002974082499966533,2.999994751139886,3.030313821976146e-05,3.0711899512246275e-05
8.49,0.00029444974987169275,2.9999948039857136,3.0003294847736826e-05,3.0407924921170654e-05
8.5,0.0002915206290762308,2.9999948562995846,2.9706413507947176e-05,3.0106957493488917e-05
8.51,0.00028862059691416584,2.9999949080868515,2.941246439256002e-05,2.980896686182569e-05
8.52,0.000285749365559966,2.9999949593528137,2.9121418017949958e-05,2.951392299005742e-05
8.53,0.0002829066500298195,2.9999950101027166,2.883324522064365e-05,2.9221796169206318e-05
8.540000000000001,0.00028009216815309807,2.9999950603417536,2.8547917153317986e-05,2.893255701338622e-05
8.55,0.0002773056405441296,2.999995110075065,2.826540528085101e-05,2.864617645580009e-05
8.56,0.000274546790574276,2.9999951593077396,2.7985681376425145e-05,2.8362625744788668e-05
8.57,0.0002718153443443128,2.9999952080448162,2.7708717517682222e-05,2.8081876439929937e-05
8.58,0.00026911103065710635,2.9999952562912813,2.7434486082929877e-05,2.780390040818893e-05
8.59,0.0002664335809905853,2.999995304052072,2.7162959747398808e-05,2.7528669820117515e-05
8.6,0.000263782729471002,2.9999953513320765,2.6894111479550418e-05,2.7256157146103674e-05
8.61,0.00026115821284648143,2.9999953981361323,2.662791453743434e-05,2.69863351526699e-05
8.620000000000001,0.00025855977046085256,2.9999954444690293,2.636434246509538e-05,2.671917689882023e-05
8.63,0.0002559871442277599,2.999995490335509,2.6103369089029336e-05,2.6454655732435478e-05
8.64,0.00025344007860505103,2.999995535740265,2.5844968514687234e-05,2.619274528671623e-05
8.65,0.0002509183205694373,2.9999955806879437,2.5589115123027425e-05,2.5933419476673138e-05
8.66,0.0002484216195914234,2.9999956251831454,2.5335783567115096e-05,2.5676652495664063e-05
8.67,0.0002459497276105035,2.9999956692304237,2.5084948768768616e-05,2.542241881197757e-05
8.68,0.00024350239901061997,2.999995712834286,2.483658591525226e-05,2.517069316546235e-05
8.69,0.0002410793905958818,2.999995755999195,2.4590670456014752e-05,2.4921450564202095e-05
8.700000000000001,0.00023868046156653942,2.999995798729568,2.434717809947315e-05,2.4674666281235304e-05
8.71,0.00023630537349521262,2.9999958410297785,2.4106084809841498e-05,2.4430315851319608e-05
8.72,0.0002339538903033688,2.9999958829041553,2.386736680400379e-05,2.41883750677401e-05
8.73,0.00023162577823804823,2.999995924356984,2.3631000548430673e-05,2.394881997916119e-05
8.74,0.00022932080584883333,2.9999959653925075,2.33969627561394e-05,2.3711626886521504e-05
8.75,0.0002270387439650592,2.999996006014925,2.3165230383696484e-05,2.3476772339971383e-05
8.76,0.00022477936567326208,2.9999960462283943,2.2935780628262565e-05,2.324423313585242e-05
8.77,0.00022254244629486337,2.9999960860370316,2.2708590924678934e-05,2.3013986313718617e-05
8.78,0.0002203277633640858,2.999996125444911,2.2483638942595218e-05,2.2786009153398652e-05
8.790000000000001,0.0002181350966060994,2.999996164456065,2.2260902583637696e-05,2.2560279172098773e-05
8.8,0.0002159642279153943,2.9999962030744878,2.204035997861773e-05,2.2336774121545818e-05
8.81,0.00021381494133437755,2.9999962413041312,2.1821989484779794e-05,2.2115471985169895e-05
8.82,0.00021168702303219153,2.9999962791489083,2.1605769683088576e-05,2.1896350975326237e-05
8.83,0.00020958026128375088,2.999996316612693,2.1391679375554663e-05,2.1679389530555723e-05
8.84,0.0002074944464489959,2.999996353699319,2.1179697582598258e-05,2.1464566312883604e-05
8.85,0.00020542937095235927,2.999996390412583,2.0969803540450472e-05,2.125186020515595e-05
8.86,0.000203384829262444,2.9999964267562422,2.076197669859162e-05,2.104125030841332e-05
8.870000000000001,0.0002013606178719098,2.999996462734017,2.055619671722607e-05,2.0832715939301184e-05
8.88,0.00019935653527756552,2.99999649834959,2.0352443464793114e-05,2.0626236627516625e-05
8.89,0.00019737238196066537,2.9999965336066063,2.015069701551337e-05,2.0421792113290843e-05
8.9,0.00019540796036740619,2.999996568508675,1.9950937646970203e-05,2.0219362344906962e-05
8.91,0.0001934630748896237,2.999996603059369,1.9753145837725707e-05,2.0018927476252707e-05
8.92,0.0001915375318456852,2.9999966372622247,1.9557302264970712e-05,1.9820467864407444e-05
8.93,0.00018963113946157673,2.999996671120743,1.9363387802208353e-05,1.962396406726314e-05
8.94,0.00018774370785218193,2.9999967046383893,1.9171383516970728e-05,1.9429396841178757e-05
8.950000000000001,0.00018587504900275086,2.999996737818595,1.898127066856814e-05,1.9236747138667656e-05
8.96,0.00018402497675055625,2.9999967706647563,1.8793030705870454e-05,1.904599610611749e-05
8.97,0.0001821933067667352,2.999996803180236,1.860664526512011e-05,1.885712508154218e-05
8.98,0.00018037985653831414,2.999996835368362,1.84220961677763e-05,1.8670115592365506e-05
8.99,0.00017858444535041483,2.9999968672324293,1.823936541838987e-05,1.8484949353235864e-05
9.0,0.00017680689426863947,2.9999968987756995,1.805843520250846e-05,1.8301608263871715e-05
9.01,0.00017504702612163297,2.999996930001402,1.787928788461145e-05,1.812007440693734e-05
9.02,0.0001733046654838199,2.999996960912733,1.770190600607423e-05,1.7940330045948404e-05
9.03,0.00017157963865831476,2.9999969915128566,1.752627228316138e-05,1.7762357623206914e-05
9.040000000000001,0.00016987177366000315,2.999997021804906,1.7352369605048308e-05,1.758613975776516e-05
9.05,0.00016818090019879203,2.9999970517919814,1.7180181031870858e-05,1.741165924341817e-05
9.06,0.00016650684966302724,2.999997081477153,1.700968979280255e-05,1.7238899046724288e-05
9.07,0.00016484945510307635,2.9999971108634598,1.6840879284158926e-05,1.7067842305053435e-05
9.08,0.000163208551215075,2.99999713995391,1.6673733067528624e-05,1.6898472324662637e-05
9.09,0.00016158397432483482,2.9999971687514813,1.650823486793077e-05,1.6730772578798422e-05
9.1,0.00015997556237191125,2.999997197259122,1.6344368571998237e-05,1.6564726705825662e-05
9.11,0.00015838315489382948,2.9999972254797505,1.618211822618638e-05,1.640031850738246e-05
9.120000000000001,0.0001568065930104666,2.9999972534162556,1.602146803500685e-05,1.6237531946560684e-05
9.13,0.00015524571940858848,2.9999972810714977,1.5862402359286055e-05,1.607635114611175e-05
9.14,0.00015370037832653942,2.9999973084483074,1.5704905714447903e-05,1.5916760386677263e-05
9.15,0.00015217041553908315,2.9999973355494878,1.5548962768820424e-05,1.5758744105044133e-05
9.16,0.00015065567834239327,2.9999973623778136,1.539455834196587e-05,1.560228689242377e-05
9.17,0.00014915601553919177,2.999997388936031,1.5241677403033938e-05,1.5447373492754997e-05
9.18,0.00014767127742403369,2.999997415226859,1.5090305069137706e-05,1.52939888010303e-05
9.19,0.00014620131576873672,2.9999974412529897,1.4940426603751949e-05,1.5142117861645036e-05
9.200000000000001,0.00014474598380795386,2.9999974670170872,1.4792027415133433e-05,1.4991745866769253e-05
9.21,0.00014330513622488764,2.999997492521789,1.4645093054762846e-05,1.4842858154741739e-05
9.22,0.00014187862913714468,2.9999975177697067,1.4499609215807993e-05,1.4695440208485972e-05
9.23,0.00014046632008272864,2.9999975427634245,1.4355561731607929e-05,1.4549477653947591e-05
9.24,0.00013906806800617036,2.9999975675055017,1.4212936574177642e-05,1.4404956258553068e-05
9.25,0.00013768373324479373,2.9999975919984716,1.4071719852732987e-05,1.4261861929689207e-05
9.26,0.00013631317751511575,2.9999976162448414,1.39318978122355e-05,1.4120180713203174e-05
9.27,0.0001349562638993793,2.999997640247094,1.3793456831956781e-05,1.397989879192268e-05
9.28,0.00013361285683221753,2.9999976640076866,1.3656383424062106e-05,1.3841002484196032e-05
9.290000000000001,0.000132282822087448,2.9999976875290515,1.3520664232212945e-05,1.370347824245169e-05
9.3,0.00013096602676499573,2.9999977108135973,1.338628603018809e-05,1.3567312651777036e-05
9.31,0.0001296623392779433,2.999997733863708,1.3253235720523035e-05,1.3432492428516028e-05
9.32,0.0001283716293397072,2.9999977566817435,1.3121500333167352e-05,1.3299004418885445e-05
9.33,0.00012709376795133859,2.9999977792700396,1.2991067024159717e-05,1.3166835597609384e-05
9.34,0.00012582862738894763,2.9999978016309097,1.2861923074320318e-05,1.303597306657175e-05
9.35,0.0001245760811912498,2.999997823766643,1.2734055887960327e-05,1.2906404053486404e-05
9.36,0.000123336004147233,2.9999978456795056,1.260745299160816e-05,1.277811591058471e-05
9.370000000000001,0.00012210827228394442,2.999997867371741,1.2482102032752246e-05,1.2651096113320165e-05
9.38,0.00012089276285439563,2.999997888845571,1.2357990778600004e-05,1.252533225908985e-05
9.39,0.00011968935432558478,2.9999979101031933,1.2235107114852773e-05,1.2400812065972402e-05
9.4,0.00011849792636663492,2.999997931146785,1.2113439044496418e-05,1.2277523371482262e-05
9.41,0.00011731835983704691,2.999997951978501,1.1992974686607335e-05,1.2155454131339895e-05
9.42,0.00011615053677506606,2.9999979726004735,1.1873702275173618e-05,1.203459241825774e-05
9.43,0.00011499434038616114,2.9999979930148144,1.1755610157931094e-05,1.1914926420741622e-05
9.44,0.00011384965503161476,2.999998013223614,1.1638686795214014e-05,1.179644444190736e-05
9.450000000000001,0.00011271636621722393,2.999998033228941,1.1522920758820118e-05,1.1679134898312333e-05
9.46,0.00011159436058210961,2.9999980530328445,1.1408300730889853e-05,1.1562986318801745e-05
9.47,0.00011048352588763443,2.999998072637352,1.1294815502799488e-05,1.144798734336934e-05
9.48,0.00010938375100642715,2.9999980920444704,1.1182453974067896e-05,1.1334126722032334e-05
9.49,0.00010829492591151302,2.9999981112561875,1.1071205151276775e-05,1.1221393313720344e-05
9.5,0.00010721694166554893,2.99999813027447,1.0961058147004077e-05,1.1109776085178027e-05
9.51,0.00010614969041016231,2.9999981491012653,1.0852002178770424e-05,1.099926410988127e-05
9.52,0.00010509306535539268,2.9999981677385015,1.0744026567998284e-05,1.0889846566966653e-05
9.53,0.00010404696076923494,2.9999981861880864,1.0637120738983703e-05,1.0781512740173994e-05
9.540000000000001,0.00010301127196728336,2.9999982044519093,1.0531274217880377e-05,1.0674252016801743e-05
9.55,0.00010198589530247526,2.9999982225318407,1.042647663169585e-05,1.0568053886675017e-05
9.56,0.00010097072815493333,2.9999982404297314,1.0322717707299655e-05,1.0462907941126072e-05
9.57,9.996566892190582e-05,2.9999982581474143,1.0219987270443158e-05,1.0358803871986997e-05
9.58,9.897061700780341e-05,2.9999982756867034,1.0118275244790962e-05,1.025573147059444e-05
9.59,9.798547281433199e-05,2.999998293049395,1.0017571650963644e-05,1.0153680626806154e-05
9.6,9.701013773072032e-05,2.999998310237267,9.917866605591627e-06,1.0052641328029172e-05
9.61,9.604451412404164e-05,2.9999983272520794,9.819150320380047e-06,9.952603658259436e-06
9.620000000000001,9.50885053296284e-05,2.999998344095574,9.721413101184383e-06,9.853557797132665e-06
9.63,9.414201564157912e-05,2.999998360769476,9.624645347096708e-06,9.755494018986305e-06
9.64,9.320495030335654e-05,2.9999983772754923,9.528837549542366e-06,9.658402691932356e-06
9.65,9.227721549847613e-05,2.999998393615314,9.43398029138692e-06,9.56227427694092e-06
9.66,9.135871834128414e-05,2.999998409790613,9.340064246053185e-06,9.467099326934287e-06
9.67,9.044936686782425e-05,2.9999984258030468,9.247080176648198e-06,9.372868485891372e-06
9.68,8.954907002679214e-05,2.9999984416542547,9.155018935099954e-06,9.279572487962378e-06
9.69,8.865773767057683e-05,2.9999984573458596,9.06387146130376e-06,9.187202156593472e-06
9.700000000000001,8.777528054638833e-05,2.9999984728794686,8.973628782278037e-06,9.09574840366135e-06
9.71,8.690161028747042e-05,2.999998488256672,8.884282011329428e-06,9.005202228617506e-06
9.72,8.603663940439801e-05,2.999998503479045,8.795822347227072e-06,8.915554717642075e-06
9.73,8.518028127645815e-05,2.999998518548146,8.708241073385882e-06,8.82679704280708e-06
9.74,8.433245014311386e-05,2.999998533465518,8.621529557058685e-06,8.73892046124894e-06
9.75,8.349306109555012e-05,2.999998548232689,8.535679248537103e-06,8.651916314350095e-06
9.76,8.266203006830112e-05,2.999998562851171,8.450681680361024e-06,8.5657760269296e-06
9.77,8.183927383095802e-05,2.999998577322461,8.366528466536517e-06,8.480491106442554e-06
9.78,8.102470997995647e-05,2.999998591648041,8.28321130176209e-06,8.396053142188226e-06
9.790000000000001,8.021825693044323e-05,2.9999986058293775,8.20072196066314e-06,8.312453804526732e-06
9.8,7.941983390822088e-05,2.9999986198679234,8.119052297034472e-06,8.229684844104144e-06
9.81,7.862936094177024e-05,2.9999986337651157,8.038194243090767e-06,8.147738091085904e-06
9.82,7.784675885434938e-05,2.999998647522378,7.958139808724882e-06,8.066605454398397e-06
9.83,7.707194925616882e-05,2.999998661141119,7.878881080773856e-06,7.986278920978583e-06
9.84,7.630485453664204e-05,2.999998674622733,7.800410222292513e-06,7.90675055503154e-06
9.85,7.554539785671061e-05,2.999998687968601,7.722719471834535e-06,7.828012497295835e-06
9.86,7.479350314124323e-05,2.9999987011800893,7.645801142740923e-06,7.750056964316556e-06
9.870000000000001,7.404909507150802e-05,2.999998714258551,7.569647622435703e-06,7.672876247725946e-06
9.88,7.331209907771738e-05,2.999998727205326,7.494251371728791e-06,7.5964627135314824e-06
9.89,7.258244133164461e-05,2.999998740021739,7.4196049241259095e-06,7.520808801411315e-06
9.9,7.186004873931188e-05,2.9999987527091037,7.345700885145454e-06,7.4459070240169485e-06
9.91,7.114484893374852e-05,2.999998765268719,7.272531931642204e-06,7.371749966283065e-06
9.92,7.043677026781932e-05,2.99999877770187,7.200090811137786e-06,7.298330284744383e-06
9.93,6.973574180712199e-05,2.9999987900098315,7.1283703411577956e-06,7.225640706859451e-06
9.94,6.904169332295309e-05,2.999998802193863,7.057363408575476e-06,7.153674030341281e-06
9.950000000000001,6.835455528534199e-05,2.9999988142552128,6.987062968961869e-06,7.0824231224947155e-06
9.96,6.767425885615204e-05,2.9999988261951156,6.917462045942351e-06,7.0118809195604415e-06
9.97,6.700073588224837e-05,2.9999988380147946,6.8485537305594505e-06,6.942040426065562e-06
9.98,6.633391888873174e-05,2.99999884971546,6.780331180641887e-06,6.872894714180615e-06
9.99,6.567374107223779e-05,2.9999988612983097,6.712787620179719e-06,6.8044369230829785e-06
10.0,6.502013629430107e-05,2.9999988727645306,6.645916338705545e-06,6.736660258326545e-06
